Date,PONumber,Name,Item,Paid,Qty,Sales Price,Amount
1/4/2016,DSI-109056-,Diversified Systems,USB-EXT-1,paid,1,135.00 , 135.00 
1/5/2016,90317-X,Heartland,KVM-SET-10,paid,6,375.00 ," 2,250.00 "
1/5/2016,497957,Ford Audio-Video,HDMI-1x2-II,paid,1,105.00 , 105.00 
1/5/2016,1439,Professional Video and Tape,DA-HDTV-SDI,paid,3,525.00 ," 1,575.00 "
1/5/2016,99017,VTP,DA-HDTV-SDI,paid,4,525.00 ," 2,100.00 "
1/6/2016,16976,Digital Resources,UI-200E,paid,1,45.00 , 45.00 
1/7/2016,8138,RIA,UNI-SW,paid,1,225.00 , 225.00 
1/8/2016,8145,RIA,OG-MiniQ-SET-1,paid,2,"1,610.00 "," 3,220.00 "
1/11/2016,17001,Digital Resources,DA-8HD,paid,1,262.50 , 262.50 
1/11/2016,99048,VTP,HDBT-SET-3,paid,1,300.00 , 300.00 
1/12/2016,498064,Ford Audio-Video,HDMI-1x2-II,paid,4,105.00 , 420.00 
1/13/2016,PO302295,Matrix,KVM-SET-5,paid,1,817.50 , 817.50 
1/13/2016,43036,Advanced Systems Group,US-3500,paid,10,"1,125.00 "," 11,250.00 "
1/18/2016,8170,AV Integrators,US-3500,paid,4,"1,125.00 "," 4,500.00 "
1/18/2016,13863,Summit Integrated Systems,DA-8HD,paid,2,262.50 , 525.00 
1/21/2016,23786,Alford Media Services,KZB-SDI-OUT,paid,1,"1,200.00 "," 1,200.00 "
1/21/2016,DSI-109927-109962,Diversified Systems,US-3500,paid,1,"1,125.00 "," 1,125.00 "
1/21/2016,DSI-109927-109962,Diversified Systems,DA-SDI-HDTV-II,paid,1,221.25 , 221.25 
1/21/2016,99110STD,VTP,MicroQ-S,paid,1,746.25 , 746.25 
1/21/2016,OIC012116,OIC USA,OIC-M1604,paid,1,"11,198.00 "," 11,198.00 "
1/22/2016,DSI-110007-109962,Diversified Systems,DVI-SET-1,paid,1,150.00 , 150.00 
1/22/2016,280247,VMI,HDMI-1x8-III,paid,1,292.50 , 292.50 
1/22/2016,280247,VMI,DA-SDI-HDTV-II,paid,1,221.25 , 221.25 
1/25/2016,14855,ABS,DA-HDTV-SDI,paid,4,525.00 ," 2,100.00 "
1/26/2016,247294S,Compview,DA-HDTV-SDI,paid,3,525.00 ," 1,575.00 "
1/28/2016,17035,Digital Resources,DA-8HD,paid,1,262.50 , 262.50 
1/29/2016,498619,Ford Audio-Video,US-3500,paid,1,"1,125.00 "," 1,125.00 "
2/1/2016,14893,ABS,DE-16,paid,1,"11,198.60 "," 11,198.60 "
2/1/2016,14893,ABS,LE-16HD,paid,1,"6,996.50 "," 6,996.50 "
2/1/2016,14893,ABS,RPS-LE16,paid,1,112.00 , 112.00 
2/1/2016,14893,ABS,HDMI-1-R,paid,2,82.50 , 165.00 
2/1/2016,14893,ABS,SDI-OUT,paid,2,280.00 , 560.00 
2/1/2016,14893,ABS,SPP,paid,1,140.00 , 140.00 
2/1/2016,14893,ABS,AA-UNBL-S,paid,1,710.50 , 710.50 
2/1/2016,14893,ABS,AES-AA-RMT-1RU,paid,1,56.00 , 56.00 
2/1/2016,14893,ABS,AA-SCSI-Y-Cable,paid,1,154.00 , 154.00 
2/2/2016,34664,Preco,MicroQ-S,paid,2,746.25 ," 1,492.50 "
2/2/2016,34664,Preco,MiniQ-1U-FR,paid,1,60.00 , 60.00 
2/3/2016,498728,Ford Audio-Video,HDMI-1x2-II,paid,1,105.00 , 105.00 
2/3/2016,90673-X,Heartland,DA-2HD,paid,5,93.75 , 468.75 
2/3/2016,38416MBDJW,Omega,HDMI-DE,paid,2,300.00 , 600.00 
2/3/2016,38416MBDJW,Omega,DA-SDI-DE,paid,1,637.50 , 637.50 
2/3/2016,38416MBDJW,Omega,DB25-AA-BL,paid,1,90.00 , 90.00 
2/4/2016,43137,Advanced Systems Group,RJ50 to DB9,paid,1,30.00 , 30.00 
2/4/2016,43137,Advanced Systems Group,Terminal-Block,paid,1,20.00 , 20.00 
2/5/2016,90709-X,Heartland,DA-2HD,paid,2,93.75 , 187.50 
2/5/2016,91608,Spinitar,DA-HDTV-SDI,paid,16,560.00 ," 8,960.00 "
2/5/2016,91608,Spinitar,DA-SDI-HDTV-II,paid,7,236.00 ," 1,652.00 "
2/9/2016,28596,Burst,DA-HDTV-SDI,paid,2,525.00 ," 1,050.00 "
2/11/2016,DSI-110819-109962,Diversified Systems,DA-SDI-HDTV-II,paid,1,221.25 , 221.25 
2/11/2016,DSI-110819-109962,Diversified Systems,DA-HDTV-SDI,paid,1,525.00 , 525.00 
2/15/2016,90786-X,Heartland,KVM-1-Rs,paid,1,135.00 , 135.00 
2/16/2016,99299,VTP,LX-20HD,paid,1,"10,500.00 "," 10,500.00 "
2/16/2016,99299,VTP,SDI-OUT,paid,1,280.00 , 280.00 
2/16/2016,99299,VTP,SPP,paid,1,140.00 , 140.00 
2/16/2016,99299,VTP,Keypad,paid,1,280.00 , 280.00 
2/16/2016,99299,VTP,HDMI-PHR,paid,1,48.75 , 48.75 
2/16/2016,99299,VTP,US-3000,paid,6,900.00 ," 5,400.00 "
2/17/2016,90822-X,Heartland,KVM-SET-4,paid,2,270.00 , 540.00 
2/19/2016,3186,System Design & Integration,HDBT-SET-3,paid,4,300.00 ," 1,200.00 "
2/19/2016,3187,System Design & Integration,HDBT-SET-3,paid,6,300.00 ," 1,800.00 "
2/19/2016,17088,Digital Resources,US-3000,paid,4,900.00 ," 3,600.00 "
2/22/2016,91945,Spinitar,DA-HDTV-SDI,paid,4,560.00 ," 2,240.00 "
2/22/2016,91945,Spinitar,DA-SDI-HDTV-II,paid,23,236.00 ," 5,428.00 "
2/23/2016,112808,Avidex,VGA-E,paid,5,30.00 , 150.00 
2/24/2016,17102,Digital Resources,DA-2HD,paid,2,93.75 , 187.50 
2/24/2016,280499,VMI,IPRS232,paid,1,150.00 , 150.00 
2/25/2016,520504,AVI Systems,IP-16,paid,2,"13,000.00 "," 26,000.00 "
2/25/2016,520504,AVI Systems,IP-4,paid,7,"3,575.00 "," 25,025.00 "
2/25/2016,520504,AVI Systems,IP-8,paid,1,"6,500.00 "," 6,500.00 "
2/25/2016,3202,System Design & Integration,HDBT-SET-3,paid,1,300.00 , 300.00 
2/25/2016,15039,ABS,Micro-4K-DP,paid,2,"1,496.25 "," 2,992.50 "
2/25/2016,15040,ABS,DA-HDTV-SDI,paid,1,525.00 , 525.00 
2/25/2016,38645GAJW,Omega Broadcast Group,HDMI-SET-1,paid,1,277.50 , 277.50 
2/25/2016,1654,Triton Technology,EDID-L-H,paid,1,82.50 , 82.50 
2/26/2016,15045,ABS,US-3000,paid,2,900.00 ," 1,800.00 "
2/29/2016,90951-X,Heartland,KVM-SET-4,paid,1,270.00 , 270.00 
2/29/2016,90951-X,Heartland,KVM-SET-8,paid,1,468.00 , 468.00 
3/1/2016,90966-S,Heartland,KVM-SET-4,paid,10,252.00 ," 2,520.00 "
3/1/2016,90966-S,Heartland,KVM-SET-10,paid,10,350.00 ," 3,500.00 "
3/2/2016,90985-Y,Heartland,HDMI-1-R,paid,4,82.50 , 330.00 
3/2/2016,90985-Y,Heartland,HDMI-1-E,paid,4,75.00 , 300.00 
3/2/2016,8215,RIA,HDMI-SET-2,paid,1,157.50 , 157.50 
3/2/2016,99439STD,VTP,DA-HDTV-SDI,paid,1,525.00 , 525.00 
3/3/2016,19289,BZB Express,DA-2HD,paid,2,93.75 , 187.50 
3/7/2016,43324,Advanced Systems Group,OG-DA-HDTV-SDI-SET-2,paid,1,"1,185.00 "," 1,185.00 "
3/8/2016,91056-X,Heartland,HDMI-1x2-II,paid,2,105.00 , 210.00 
3/8/2016,91056-X,Heartland,HDMI-1x4-II,paid,1,195.00 , 195.00 
3/8/2016,9294,BKW,DA-HDTV-SDI,paid,2,525.00 ," 1,050.00 "
3/8/2016,521834,AVI Systems,MicroQ-S,paid,1,746.25 , 746.25 
3/9/2016,8991,Enders & Associates,MiniDE-4,paid,1,"1,125.00 "," 1,125.00 "
3/9/2016,99422STD,VTP,DA-SDI-DE,paid,1,637.50 , 637.50 
3/9/2016,99422STD,VTP,DB25-AA-BL,paid,1,90.00 , 90.00 
3/10/2016,15083,ABS,Micro-4K,paid,2,746.25 ," 1,492.50 "
3/11/2016,5750,Gold Coast Video,HDMI-1x2-II,paid,4,105.00 , 420.00 
3/11/2016,280643,VMI,DA-HDTV-SDI,paid,1,525.00 , 525.00 
3/14/2016,113315,Avidex,HDTV-VGA-2x1,paid,1,135.00 , 135.00 
3/14/2016,19350,BZB Express,DA-2HD,paid,1,93.75 , 93.75 
3/16/2016,17166,Digital Resources,HDMI-1x2-II,paid,1,105.00 , 105.00 
3/16/2016,DSI-112293-109464,Diversified Systems,HDMI-1x2-II,paid,5,105.00 , $525.00 
3/17/2016,2515,"Distinctive Video Engineering, Inc",HDMI-8x8,paid,1,"2,625.00 "," $2,625.00 "
3/18/2016,PO-3594,Philm Gear,DA-2HD,paid,3,93.75 , $281.25 
3/21/2016,8252,RIA,DA-HDTV-SDI,paid,4,525.00 ," $2,100.00 "
3/21/2016,8252,RIA,DA-2HD,paid,10,93.75 , $937.50 
3/22/2016,8254,RIA,HDMI-SET-2,paid,1,157.50 , $157.50 
3/23/2016,111887,Digital Networks Group,HDMI-SET-3,paid,1,121.50 , $121.50 
3/23/2016,111887,Digital Networks Group,MiniDE-4,paid,1,"1,350.00 "," $1,350.00 "
3/23/2016,34734,Preco,MicroQ-S,paid,1, $746.25 , $746.25 
3/23/2016,34734,Preco,MiniQ-1U-FR,paid,1,60.00 , $60.00 
3/24/2016,PO220080,Matrix,MicroQ-S,paid,1,746.25 , $746.25 
3/28/2016,0416030-065498,Anderson Audio Visual,HDMI-SET-2,paid,1,157.50 , $157.50 
3/28/2016,DSI-112871-SO5491,Diversified Systems,USB-12M,paid,10,33.75 , $337.50 
3/29/2016,DSI-113004-110175,Diversified Systems,DA-HDTV-SDI,paid,1,525.00 , $525.00 
3/30/2016,91335-Y,Heartland,HDMI-1-R,paid,2, $82.50 , $165.00 
3/30/2016,91335-Y,Heartland,HDMI-1-E,paid,2,75.00 , $150.00 
3/31/2016,8265,RIA,OG-DA-HDTV-SDI-SET-2,paid,8,"1,027.00 "," $8,216.00 "
3/31/2016,8265,RIA,HDBNC-BNC,paid,16,26.00 , $416.00 
3/31/2016,113901,Avidex,HDBT-Set-2,paid,8,450.00 ," $3,600.00 "
4/5/2016,0416-05PR,Meyer Projection Systems,DA-HDTV-SDI,paid,1, $560.00 , $560.00 
4/5/2016,OIC040516,OIC USA,OIC-M1604,paid,1,"11,198.00 "," $11,198.00 "
4/6/2016,PO220196,Matrix Video Communications,HDMI-1-R,paid,1,82.50 , $82.50 
4/6/2016,9348,BKW,LE-4CV,paid,1,"1,260.00 "," $1,260.00 "
4/8/2016,19518,BZB Express,HDMI-1-E,paid,1,75.00 , $75.00 
4/8/2016,P1116401,VER,USB-12mH,paid,10,41.25 , $412.50 
4/11/2016,34762,Preco,DA-HDTV-SDI,paid,6,525.00 ," $1,050.00 "
4/15/2016,5755,Gold Coast Video,US-3500,paid,1," $1,125.00 "," $1,125.00 "
4/18/2016,114353,Avidex,DA-HDTV-SDI,paid,5, $525.00 ," $2,625.00 "
4/20/2016,15209,ABS,KVM-Set-12,paid,2, $675.00 ," $1,350.00 "
4/21/2016,AP042016-01,Gear Connection,DA-HDTV-SDI,paid,2, $560.00 ," $1,120.00 "
4/21/2016,OIC111114,OIC USA,OIC-M802,paid,2,"5,099.00 "," 10,198.00 "
4/21/2016,OIC111114,OIC USA,RPS-LE16,paid,2,96.00 , 192.00 
4/25/2016,114536,Avidex,HDBT-SET-5-II,paid,2, $570.00 ," $1,140.00 "
4/25/2016,91678-X,Heartland,DA-2HD,paid,3, $93.75 , $281.25 
4/25/2016,8302,RIA,Upgrade,paid,2," $3,108.00 "," $6,216.00 "
4/26/2016,PO014081,Mobile TV Group,MicroQ-S,paid,2, $746.25 ," $1,492.50 "
4/27/2016,280967,VMI,MicroQ-S,paid,1, $746.25 , $746.25 
4/27/2016,3246,System Design & Integration,HDBT-SET-3,paid,1, $300.00 , $300.00 
4/27/2016,19628,BZB Express,DA-HDTV-SDI,paid,2, $525.00 ," $1,050.00 "
4/27/2016,3247,System Design & Integration,HDBT-SET-3,paid,6, $300.00 ," $1,800.00 "
4/27/2016,91726-Y,Heartland,HDMI-SET-2,paid,2, $157.50 , $315.00 
4/28/2016,3274,System Design & Integration,HDBT-SET-3,paid,14, $300.00 ," $4,200.00 "
4/28/2016,3258,System Design & Integration,HDBT-1-R,paid,4, $187.50 , $750.00 
4/28/2016,3266,System Design & Integration,HDBT-SET-3,paid,1, $300.00 , $300.00 
4/29/2016,91750-X,Heartland,Mi-16#,paid,5," $3,375.00 "," $16,875.00 "
4/29/2016,91750-X,Heartland,RPS-Mi-16,paid,5, $82.50 , $412.50 
5/2/2016,15237,ABS,DA-HDTV-SDI,paid,1, $525.00 , $525.00 
5/3/2016,91782-S,Heartland,KVM-SET-10,paid,10, $350.00 ," $3,500.00 "
5/3/2016,19659,BZB Express,HDMI-8-SERM,paid,4, $450.00 ," $1,800.00 "
5/3/2016,19659,BZB Express,HDMI-1-R,paid,16, $82.50 ," $1,320.00 "
5/5/2016,8834,RIA,HDMI-1x2-II,paid,1, $105.00 , $105.00 
5/5/2016,114914,Avidex,HDTV-VGA-2x1,paid,1, $135.00 , $135.00 
5/6/2016,28977,Burst,OG-DA-HDTV-SDI-SET-1,paid,4, $588.00 ," $2,352.00 "
5/11/2016,15279,ABS,KVM-SET-10,paid,4, $375.00 ," $1,500.00 "
5/12/2016,76855,Artistic Resources Corporation,MiniDE-4,paid,1," $1,200.00 "," $1,200.00 "
5/12/2016,76855,Artistic Resources Corporation,HDMI Adapter,paid,5, $32.00 , $160.00 
5/13/2016,P1131482,VER,OPS-SDI-HDTV,paid,40, $400.20 ," $16,008.00 "
5/16/2016,P1132220,VER,DP-FIB,paid,4," $1,875.00 "," $7,500.00 "
5/16/2016,92043-X,Heartland,DA-2HD,paid,2, $93.75 , $187.50 
5/18/2016,29011,Burst,Mi-16+,paid,2," $2,625.00 "," $5,250.00 "
5/18/2016,29011,Burst,RPS-Mi-16,paid,2, $82.50 , $165.00 
5/18/2016,281120,VMI,DA-HDTV-SDI,paid,10, $525.00 ," $5,250.00 "
5/20/2016,19780,BZB Express,DE-16,paid,2," $10,398.70 "," $20,797.40 "
5/20/2016,115311,Avidex,HDMI-E,paid,4, $30.00 , $120.00 
5/20/2016,115312,Avidex,EDID-L-H,paid,1, $82.50 , $82.50 
5/20/2016,115312,Avidex,HDMI-E,paid,16, $30.00 , $480.00 
5/20/2016,15314,ABS,US-3000,paid,1, $900.00 , $900.00 
5/20/2016,15314,ABS,DA-SDI-HDTV,paid,1, $247.50 , $247.50 
5/20/2016,9703,Stark Raving Solutions,DA-HDTV-SDI,paid,1, $525.00 , $525.00 
5/20/2016,AP052016-01,Gear Connection,DA-SDI-HDTV,paid,4, $264.00 ," $1,056.00 "
5/24/2016,17376,Digital Resources,DA-8HD,paid,1, $262.50 , $262.50 
5/24/2016,44913,Video Service of America,Mi-16#,paid,1," $3,375.00 "," $3,375.00 "
5/24/2016,Z-AISD-CAC-R2,ZVS Media,DA-SDI-HDTV-II,paid,2, $221.25 , $442.50 
5/24/2016,Z-AISD-CAC-R2,ZVS Media,DA-HDTV-SDI,paid,1, $525.00 , $525.00 
5/24/2016,34842,Preco,Mi-16+,paid,5," $2,625.00 "," $13,125.00 "
5/25/2016,PO220507,Matrix MVCC,DA-HDTV-SDI,paid,2, $525.00 ," $1,050.00 "
5/26/2016,DSI-115982-109823,Diversified Systems,Micro-4K-DP,paid,1," $1,496.25 "," $1,496.25 "
5/27/2016,6500009762,Freeman AV,OG-MiniDE-II-SET-1,paid,4," $1,905.00 "," $7,620.00 "
5/27/2016,6500009762,Freeman AV,OG-MiniQ-SET-1,paid,2," $1,725.00 "," $3,450.00 "
5/27/2016,29149,Burst,OG-DA-HDTV-SDI-SET-1,paid,4, $588.00 ," $2,352.00 "
5/27/2016,92274-Y,Heartland,Mi-16+,paid,1," $2,625.00 "," $2,625.00 "
5/31/2016,PO-3636,Philm Gear,HDMI-SET-2,paid,4, $157.50 , $630.00 
6/2/2016,8378,RIA,DA-SDI-HDTV,paid,1, $247.50 , $247.50 
6/2/2016,8378,RIA,DA-4HD,paid,2, $187.50 , $375.00 
6/2/2016,8378,RIA,DA-2HD,paid,2, $93.75 , $187.50 
6/2/2016,8378,RIA,Mi-16,paid,1," $1,698.50 "," $1,698.50 "
6/2/2016,15347,ABS,HDMI-SR,paid,2, $26.25 , $52.50 
6/3/2016,3302,System Design & Integration,HDBT-SET-3,paid,1, $300.00 , $300.00 
6/3/2016,15354,ABS,SDI-CVBS-S,paid,2, $315.00 , $630.00 
6/6/2016,Email - Dan Corr,Barco,DP-FIB,paid,3," $2,125.00 "," $6,375.00 "
6/6/2016,Email - Dan Corr,Barco,FOP-SC-300F,paid,3, $380.00 ," $1,140.00 "
6/7/2016,17439,Digital Resources,HDMI-1x2-II,paid,8, $105.00 , $840.00 
6/7/2016,17439,Digital Resources,MiniDE-II,paid,2," $1,855.00 "," $3,710.00 "
6/7/2016,17439,Digital Resources,MiniQ-1U-FR,paid,1, $56.00 , $56.00 
6/7/2016,29218,Burst,OG-DA-HDTV-SDI-SET-1,paid,4, $588.00 ," $2,352.00 "
6/7/2016,115903,Avidex,HDBT-1-RAP,paid,1, $225.00 , $225.00 
6/7/2016,115903,Avidex,HDBT-1-EAP,paid,1, $225.00 , $225.00 
6/8/2016,92442-X,Heartland,HDMI-1-R,paid,2, $82.50 , $165.00 
6/9/2016,CAPO149629,Electrosonic,HDBT-EAPV-WP,paid,1, $600.00 , $600.00 
6/9/2016,19889,BZB,DA-2HD,paid,1, $93.75 , $93.75 
6/13/2016,512813,Ford Audio-Video,HDMI-1x2-II,paid,1, $105.00 , $105.00 
6/13/2016,92489-X,Heartland,DA-2HD,paid,1, $93.75 , $93.75 
6/13/2016,533723,AVI Systems,USB-EXT-1,paid,6, $135.00 , $810.00 
6/13/2016,1169996,Harmonic,MicroQ-S,paid,1, $845.75 , $845.75 
6/14/2016,67176,Utah Scientific,LE-16HD,paid,2," $8,400.00 "," $16,800.00 "
6/14/2016,67176,Utah Scientific,LE-32HD,paid,1," $14,000.00 "," $14,000.00 "
6/16/2016,100219STD,VTP,DA-SDI-DE,paid,2, $637.50 ," $1,275.00 "
6/16/2016,100219STD,VTP,DB25-AA-BL,paid,2, $90.00 , $180.00 
6/16/2016,34893,Preco,HDMI-1x2-II,paid,8, $105.00 , $840.00 
6/21/2016,OIC062116,OIC US,OIC-M1604,paid,1," $11,198.00 "," $11,198.00 "
6/21/2016,9751,Stark Raving Solutions,EDID-TS,paid,5, $50.00 , $250.00 
6/22/2016,534747,AVI Systems,USB-EXT-1,paid,1, $135.00 , $135.00 
6/23/2016,764113,Burst,DA-HDTV-SDI,paid,7, $490.00 ," $3,430.00 "
6/24/2016,1170089,Harmonic,MicroQ-S,paid,1, $845.75 , $845.75 
6/24/2016,39345MBDKJ,Omega Broadcast Group,HDMI-SET-1,paid,2, $277.50 , $555.00 
6/24/2016,14555,Sound Products Inc,LE-12HD,paid,1," $6,480.00 "," $6,480.00 "
6/27/2016,6500009858,Freeman AV,DE-12,paid,1," $8,748.60 "," $8,748.60 "
6/27/2016,6500009858,Freeman AV,DE-12,paid,1," $8,748.00 "," $8,748.00 "
6/27/2016,6500009858,Freeman AV,HDMI-PHR,paid,4, $48.75 , $195.00 
6/27/2016,15454,ABS,DE-16,paid,1," $10,878.64 "," $10,878.64 "
6/27/2016,15454,ABS,HDMI Adapter,paid,16, $28.00 , $448.00 
6/27/2016,15454,ABS,HDMI-1-R,paid,3, $82.50 , $247.50 
6/27/2016,15454,ABS,SDI-Out,paid,2, $280.00 , $560.00 
6/27/2016,15454,ABS,DA-HDTV-SDI,paid,2, $525.00 ," $1,050.00 "
6/27/2016,15454,ABS,HDMI-SET-9,paid,2, $450.00 , $900.00 
6/27/2016,15454,ABS,LE-32HD,paid,1," $14,000.00 "," $14,000.00 "
6/27/2016,15454,ABS,OG-DA-4HD-II-SET-2,paid,1, $560.00 , $560.00 
6/27/2016,15454,ABS,DA-HDTV-SDI,paid,1, $525.00 , $525.00 
6/27/2016,P1150334,VER,OPS-SDI-HDTV,paid,10, $400.20 ," $4,002.00 "
6/28/2016,0416185-067798,Anderson Audio Visual,HDMI-SET-2,paid,4, $157.50 , $630.00 
6/28/2016,PPO-00018,Background Images,W-4x4,paid,1," $5,250.00 "," $5,250.00 "
6/28/2016,PPO-00018,Background Images,HDMI-1-E,paid,6, $75.00 , $450.00 
6/28/2016,PPO-00018,Background Images,HDMI-PHR,paid,16, $48.75 , $780.00 
6/29/2016,29816,Audio Intervisual Design,DA-HDTV-SDI,paid,1, $525.00 , $525.00 
6/30/2016,31649,AMT Systems Inc.,Pinnacle,paid,2," $1,125.00 "," $2,250.00 "
6/30/2016,31649,AMT Systems Inc.,MiniQ-1U-PS,paid,2, $82.50 , $165.00 
6/30/2016,31649,AMT Systems Inc.,MiniQ-1U-FR,paid,1, $60.00 , $60.00 
6/30/2016,8298,5280 Broadcast,KVM-Set-9,paid,1, $570.00 , $570.00 
7/1/2016,92820-X,Heartland,DA-SDI-HDTV-II,paid,2, $221.25 , $442.50 
7/1/2016,92827-Y,Heartland,HDMI-1-R,paid,4, $82.50 , $330.00 
7/1/2016,92827-Y,Heartland,HDMI-1-E,paid,4, $75.00 , $300.00 
7/1/2016,DEMO GEAR,Bill Gray,OG3-FR-CN-P,paid,1, $-   , $-   
7/1/2016,DEMO GEAR,Bill Gray,OG-MiniQ-SET-1,paid,4, $-   , $-   
7/1/2016,DEMO GEAR,Bill Gray,OG-MiniDE-II-SET-1,paid,1, $-   , $-   
7/1/2016,DEMO GEAR,Bill Gray,OG-MicroQ-Set-1,paid,1, $-   , $-   
7/1/2016,536108,AVI Systems,DA-2HD,paid,1, $93.75 , $93.75 
7/1/2016,04600,Colorado Studios,EVS-1-E,paid,7, $300.00 ," $2,100.00 "
7/1/2016,04600,Colorado Studios,EVS-1-R,paid,6, $300.00 ," $1,800.00 "
7/5/2016,3336,System Design & Integration,HDBT-SET-4,paid,4, $450.00 ," $1,800.00 "
7/5/2016,3336,System Design & Integration,HDBT-1x8-II-POE,paid,4," $2,400.00 "," $9,600.00 "
7/5/2016,3336,System Design & Integration,HDBT-1-RS-II-POE,paid,12, $225.00 ," $2,700.00 "
7/5/2016,67235,Utah Scientific,LE-32HD,paid,1," $14,000.00 "," $14,000.00 "
7/5/2016,67235,Utah Scientific,HDMI-1-R,paid,6, $82.50 , $495.00 
7/11/2016,588227,Ford Audio-Video,HDMI-1x2-II,paid,1, $105.00 , $105.00 
7/11/2016,116725,Avidex,HDBT-1x4-II,paid,1," $1,350.00 "," $1,350.00 "
7/11/2016,116725,Avidex,HDBT-SET-4,paid,1, $450.00 , $450.00 
7/11/2016,116725,Avidex,HDBT-1-RS-II,paid,3, $187.50 , $562.50 
7/12/2016,29858,Audio Intervisual Design,DA-SDI-DE,paid,1, $637.49 , $637.49 
7/14/2016,3351,System Design & Integration,HDBT-SET-3,paid,2, $300.00 , $600.00 
7/14/2016,3352,System Design & Integration,HDBT-SET-3,paid,2, $300.00 , $600.00 
7/18/2016,9055,Enders Associates,DA-HDTV-SDI,paid,1, $525.00 , $525.00 
7/18/2016,P1157754,VER,OPS-SDI-HDTV,paid,30, $400.20 ," $12,006.00 "
7/18/2016,P1157754,VER,OPS-SDI-HDTV,paid,10, $400.20 ," $4,002.00 "
7/18/2016,3653,Philm Gear,HDBT-SET-5,paid,1, $570.00 , $570.00 
7/18/2016,0416186-068511,Anderson Audio Visual,HDBT-SET-1,paid,7, $375.00 ," $2,625.00 "
7/19/2016,538143,AVI Systems,DA-HDTV-SDI,paid,1, $525.00 , $525.00 
7/20/2016,3365,System Design & Integration,HDBT-SET-3,paid,2, $300.00 , $600.00 
7/20/2016,96158,Spinitar,DE-4,paid,1," $3,373.50 "," $3,373.50 "
7/20/2016,96158,Spinitar,HDMI-SR,paid,1, $26.25 , $26.25 
7/20/2016,116966,Avidex,HDBT-1-EAP,paid,1, $225.00 , $225.00 
7/20/2016,29582,Burst,OG-DA-HDTV-SDI-MB,paid,1, $490.00 , $490.00 
7/20/2016,29582,Burst,OG-DA-HDTV-SDI-RM,paid,1, $98.00 , $98.00 
7/21/2016,588403,Ford Audio-Video,HDMI-1x2-II,paid,1, $105.00 , $105.00 
7/21/2016,93045-X,Heartland,DA-2HD,paid,1, $93.75 , $93.75 
7/21/2016,100456,VTP,Micro-4K-DP,paid,1," $1,296.75 "," $1,296.75 "
7/21/2016,100451STD,VTP,OG-DA-HDTV-SDI-MB,paid,11, $490.00 ," $5,390.00 "
7/21/2016,100451STD,VTP,OG-DA-HDTV-SDI-RM2,paid,11, $126.00 ," $1,386.00 "
7/22/2016,P1159342,VER,OG-MiniQ-SET-1,paid,2," $1,610.00 "," $3,220.00 "
7/22/2016,P1159342,VER,OG-MiniDE-II-SET-1,paid,2," $1,778.00 "," $3,556.00 "
7/22/2016,P1159342,VER,OG-DA-4HD-II-SET-2,paid,4, $560.00 ," $2,240.00 "
7/22/2016,P1159342,VER,OG3-FR-CN-P,paid,1," $1,645.00 "," $1,645.00 "
7/22/2016,P1159342,VER,PS-OG3,paid,1, $547.82 , $547.82 
7/25/2016,524468,Ford Audio-Video,HDMI-1x2-II,paid,3, $105.00 , $315.00 
7/25/2016,281579,VMI,HDMI-E,paid,30, $30.00 , q 
7/25/2016,281579,VMI,EDID-L-H,paid,1, $82.50 , $82.50 
7/26/2016,3377,System Design & Integration,LE-8CV,paid,1," $2,700.00 "," $2,700.00 "
7/26/2016,3377,System Design & Integration,RPS-LE16,paid,1, $120.00 , $120.00 
7/26/2016,3377,System Design & Integration,HDMI-1x4-II,paid,1, $195.00 , $195.00 
7/26/2016,3377,System Design & Integration,HDBT-SET-1,paid,3, $375.00 ," $1,125.00 "
7/27/2016,OIC72716,OIC US,OIC-M1604,paid,1," $11,198.00 "," $11,198.00 "
7/27/2016,0416186-068813,Anderson Audio Visual,HDBT-SET-1,paid,1, $375.00 , $375.00 
7/27/2016,P1157754,VER,OPS-SDI-HDTV,paid,10, $400.20 ," $4,002.00 "
7/29/2016,100508,VTP,DA-SDI-DE,paid,2, $637.50 ," $1,275.00 "
7/29/2016,100508,VTP,Db25-AA-BL,paid,2, $90.00 , $180.00 
7/29/2016,100524STD,VTP,Mi-16#,paid,3," $3,375.00 "," $10,125.00 "
7/29/2016,100524STD,VTP,OG-DA-4HD-II-SET-2,paid,10, $560.00 ," $5,600.00 "
8/2/2016,PO-000B00-20046,Amplio Systems,EDID-L-H,paid,1, $88.00 , $88.00 
8/2/2016,PO-000B00-20046,Amplio Systems,HDMI-E,paid,2, $32.00 , $64.00 
8/3/2016,15600,ABS,KVM-SET-4,paid,1, $270.00 , $270.00 
8/3/2016,96545,Spinitar,DA-SDI-HDTV-II,paid,13, $221.25 ," $2,876.25 "
8/3/2016,16-1816,AudiSee AV Integration,Micro-Single,paid,1, $671.25 , $671.25 
8/5/2016,93243-X,Heartland,DA-2HD,paid,6, $93.75 , $562.50 
8/8/2016,20258,BZB Express,Micro-4K,paid,1, $746.25 , $746.25 
8/9/2016,DSI-119968-110082,Diversified Systems,HDMI-DE,paid,1, $300.00 , $300.00 
8/9/2016,117590,Avidex,USB-EXT-1,paid,2, $135.00 , $270.00 
8/10/2016,29751,Burst,DA-HDTV-SDI,paid,2, $525.00 ," $1,050.00 "
8/10/2016,93303-X,Heartland,KVM-SET-10,paid,2, $375.00 , $750.00 
8/10/2016,15180,Summit Integrated Systems,OG-DA-HDTV-SDI-SET-1,paid,8, $672.00 ," $5,376.00 "
8/10/2016,93313-X,Heartland,LE-32HD,paid,1," $11,000.00 "," $11,000.00 "
8/10/2016,93313-X,Heartland,CP-16,paid,1, $585.00 , $585.00 
8/10/2016,93313-X,Heartland,HDMI-SET-1,paid,1, $277.50 , $277.50 
8/10/2016,OIC081016,OIC US,T-Rackears-1RU,paid,1, $17.50 , $17.50 
8/10/2016,OIC081016,OIC US,RJ45 to DB9,paid,1, $21.00 , $21.00 
8/10/2016,OIC081016,OIC US,RJ50 to DB9,paid,1, $21.00 , $21.00 
8/10/2016,OIC081016,OIC US,Terminal-Block,paid,3, $14.00 , $42.00 
8/10/2016,OIC081016,OIC US,CAT6-FTP-15,paid,2, $-   , $-   
8/10/2016,OIC081016,OIC US,HDMI-SR,paid,2, $24.50 , $49.00 
8/10/2016,OIC081016,OIC US,DVI-1-SR,paid,2, $24.50 , $49.00 
8/10/2016,OIC081016,OIC US,70OHM-Terminator,paid,2, $3.50 , $7.00 
8/10/2016,OIC081016,OIC US,AA-OUT-BREAKOUT,paid,1, $7.00 , $7.00 
8/10/2016,OIC081016,OIC US,SCSI to DB9,paid,2, $28.00 , $56.00 
8/10/2016,OIC081016,OIC US,T-OIC-802-FR,paid,1, $525.00 , $525.00 
8/11/2016,93316-S,Heartland,KVM-SET-10,paid,10, $350.00 ," $3,500.00 "
8/16/2016,117782,Avidex,CLN-SW-6x1-H,paid,2," $1,500.00 "," $3,000.00 "
8/16/2016,117782,Avidex,DA-HDTV-SDI,paid,2, $525.00 ," $1,050.00 "
8/16/2016,93426-X,Heartland,LX-16HD,paid,3," $6,955.00 "," $20,865.00 "
8/16/2016,93426-X,Heartland,SDI-Out,paid,3, $280.00 , $840.00 
8/16/2016,93426-X,Heartland,RPS-LE16,paid,3, $112.00 , $336.00 
8/16/2016,93426-X,Heartland,DA-HDTV-SDI,paid,3, $525.00 ," $1,575.00 "
8/17/2016,DSI-120495-110405,Diversified Systems,DA-HDTV-SDI,paid,4, $525.00 ," $2,100.00 "
8/18/2016,3678,Philm Gear,US-3000,paid,1, $840.00 , $840.00 
8/18/2016,281797,VMI,MicroQ-S,paid,2, $746.25 ," $1,492.50 "
8/19/2016,588883,Ford Audio-Video,HDMI-1x2-II,paid,1, $105.00 , $105.00 
8/19/2016,93515-Y,Heartland,HDMI-1x4,paid,1, $225.00 , $225.00 
8/19/2016,93515-Y,Heartland,HDBT-1-E,paid,2, $187.50 , $375.00 
8/19/2016,93515-Y,Heartland,HDBT-1-R,paid,2, $187.50 , $375.00 
8/22/2016,281808,VMI,DA-HDTV-SDI,paid,1, $525.00 , $525.00 
8/22/2016,DSI-120726-SO6166,Diversified Systems,USB-12M,paid,8, $33.75 , $270.00 
8/23/2016,20406,BZB Express,W-3x3,paid,1," $3,000.00 "," $3,000.00 "
8/25/2016,118055,Avidex,HDBT-1-Ex,paid,2, $225.00 , $450.00 
8/25/2016,118055,Avidex,HDBT-1-RX,paid,2, $225.00 , $450.00 
8/25/2016,76654,Burst,US-3500,paid,1," $1,125.00 "," $1,125.00 "
8/26/2016,OIC082616C,OIC US,OIC-M1604 3G,paid,2," $10,920.00 "," $21,840.00 "
8/29/2016,100676,VTP,DA-SDI-DE,paid,4, $637.50 ," $2,550.00 "
8/29/2016,100676,VTP,DB25-AA-BL,paid,3, $90.00 , $270.00 
8/29/2016,100676,VTP,DB25-AES-BL,paid,1, $75.00 , $75.00 
8/30/2016,543830,AVI Systems,DVI-xx-SC,paid,1, $637.50 , $637.50 
8/30/2016,PO00399,Colorado Studios,OG-MiniQ-SET-1,paid,10," $1,495.00 "," $14,950.00 "
8/30/2016,PO00399,Colorado Studios,OG-MicroQ-SET-1,paid,44, $776.75 ," $34,177.00 "
8/30/2016,8502,RIA,OG-DA-4HD-II-SET-2,paid,20, $560.00 ," $11,200.00 "
9/1/2016,3411,System Design & Integration,HDBT-1-R,paid,16, $187.50 ," $3,000.00 "
9/2/2016,100713STD,VTP,DA-HDTV-SDI,paid,1, $525.00 , $525.00 
9/7/2016,31890,AMT Systems,US-3500,paid,1," $1,125.00 "," $1,125.00 "
9/7/2016,15707,ABS,OG-US-3500-SET-1,paid,1," $1,134.00 "," $1,134.00 "
9/7/2016,15707,ABS,OG-DA-4HD-II-SET-1,paid,1, $235.50 , $235.50 
9/7/2016,15707,ABS,OG-MiniDE-II-SET-1,paid,1," $1,600.20 "," $1,600.20 "
9/7/2016,15707,ABS,DA-SDI-HDTV-II,paid,2, $221.25 , $442.50 
9/7/2016,15707,ABS,HDMI-SET-9,paid,1, $450.00 , $450.00 
9/7/2016,15707,ABS,HDMI-1-R,paid,1, $82.50 , $82.50 
9/7/2016,15707,ABS,OG-MiniQ-SET-2,paid,1," $1,512.00 "," $1,512.00 "
9/7/2016,P1175733,VER,FSB-OG3,paid,2, $58.45 , $116.90 
9/7/2016,100728STD,VTP,MicroQ-S,paid,1, $746.25 , $746.25 
9/7/2016,30020,Audio Intervisual Design,DA-SDI-DE,paid,1, $637.49 , $637.49 
9/7/2016,30020,Audio Intervisual Design,DB25-AES-BL,paid,1, $75.00 , $75.00 
9/8/2016,8530,RIA,HDMI-1-E,paid,2, $75.00 , $150.00 
9/8/2016,8530,RIA,HDMI-1-R,paid,2, $87.50 , $175.00 
9/8/2016,20545,BZB Express,HDMI-SR,paid,4, $26.25 , $105.00 
9/9/2016,281944,VMI,DE-12,paid,24," $7,998.72 "," $191,969.28 "
9/9/2016,281944,VMI,HDMI-1-R,paid,24, $82.50 ," $1,980.00 "
9/9/2016,9071,Enders Associates,DA-HDTV-SDI,paid,2, $525.00 ," $1,050.00 "
9/12/2016,KW160912092,B&H,OG-DA-HDTV-SDI-SET-2,paid,6," $1,185.00 "," $7,110.00 "
9/12/2016,Phone,Kratos Defense,DA-2HD,paid,8, $125.00 ," $1,000.00 "
9/14/2016,93817-X,Heartland,T#-56x8-4RU-C,paid,1," $38,732.40 "," $38,732.40 "
9/14/2016,93817-X,Heartland,CP-16,paid,1, $630.00 , $630.00 
9/14/2016,93817-X,Heartland,HDMI-1-R,paid,6, $82.50 , $495.00 
9/14/2016,35072,Preco,RPS-C12VDC,paid,5, $78.00 , $390.00 
9/14/2016,545891,AVI Systems,DVI-xx-SC-II,paid,1, $750.00 , $750.00 
9/14/2016,100785,VTP,Mi-16,paid,2," $1,687.50 "," $3,375.00 "
9/15/2016,100789,VTP,Mi-16,paid,1," $1,687.50 "," $1,687.50 "
9/15/2016,100791,VTP,Mi-16,paid,1," $1,687.50 "," $1,687.50 "
9/15/2016,20608,BZB Express,RJ50 to DB9,paid,1, $30.00 , $30.00 
9/16/2016,100804STD,VTP,KVM-SET-9,paid,2, $570.00 ," $1,140.00 "
9/16/2016,KW160916045,B&H,OG-MicroQ-SET-1,paid,1, $896.25 , $896.25 
9/16/2016,KW160916045,B&H,OG-DA-HDTV-SET-1,paid,1, $630.00 , $630.00 
9/19/2016,546366,AVI Systems,US-3500,paid,3," $1,125.00 "," $3,375.00 "
9/19/2016,10021,Stark Raving Solutions,EDID-TS,paid,5, $50.00 , $250.00 
9/19/2016,OIC091916,OIC US,OIC-M1604,paid,1," $11,198.00 "," $11,198.00 "
9/19/2016,93881-X,Heartland,MicroQ-S,paid,4, $696.50 ," $2,786.00 "
9/20/2016,118824,Avidex,SDI-CVBS-S,paid,3, $315.00 , $945.00 
9/20/2016,93882-Y,Heartland,HDBT-SET-1,paid,4, $375.00 ," $1,500.00 "
9/20/2016,9612,BKW,DA-2HD,paid,5, $93.75 , $468.75 
9/21/2016,3427,System Design & Integration,HDBT-1-R,paid,1, $187.50 , $187.50 
9/21/2016,15417,Summit Integrated Systems,Mi-16,paid,1," $1,800.00 "," $1,800.00 "
9/22/2016,527648,Ford Audio-Video,HDMI-1x2-II,paid,3, $105.00 , $315.00 
9/22/2016,PO-118P07-9246,Amplio Systems,DA-HDTV-SDI,paid,1, $560.00 , $560.00 
9/22/2016,100870STD,VTP,KVM-SET-12,paid,1, $746.25 , $746.25 
9/22/2016,100870STD,VTP,OG-DA-HDTV-SDI-MB,paid,5, $490.00 ," $2,450.00 "
9/23/2016,119004,Avidex,MicroQ-S,paid,1, $746.25 , $746.25 
9/26/2016,0416130-070369,Anderson Audio Visual,HDMI-1x8-III,paid,1, $292.50 , $292.50 
9/26/2016,0416130-070369,Anderson Audio Visual,HDMI-1x2-II,paid,1, $105.00 , $105.00 
9/26/2016,20714,BZB Express,Micro-4K-DP,paid,1," $1,496.25 "," $1,496.25 "
9/27/2016,119134,Avidex,MicroQ-S,paid,2, $746.25 ," $1,492.50 "
9/27/2016,31970,AMT,US-3500,paid,1," $1,125.00 "," $1,125.00 "
9/29/2016,OIC111114,OIC US,OIC-M802,paid,2," $5,099.00 "," $10,198.00 "
9/29/2016,OIC111114,OIC US,RPS-LE16,paid,2, $96.00 , $192.00 
9/30/2016,94031-X,Heartland,HDMI-SET-2,paid,4, $157.50 , $630.00 
9/30/2016,100941,VTP,OG-SDI-HDTV-SET-1,paid,4, $280.00 ," $1,120.00 "
10/4/2016,94080-X,Heartland,DA-2HD,paid,3, $93.75 , $281.25 
10/5/2016,282044,VMI,HDMI-E,paid,20, $30.00 , $600.00 
10/5/2016,KW161005074,B&H,HDMI-PHR,paid,1, $48.75 , $48.75 
10/5/2016,KW161005074,B&H,DA-SDI-HDTV,paid,1, $247.50 , $247.50 
10/5/2016,KW161005070,B&H,Crescent 4K,paid,1," $1,725.00 "," $1,725.00 "
10/5/2016,OIC111114,OIC US,OIC-M802,paid,2," $5,099.00 "," $10,198.00 "
10/5/2016,OIC111114,OIC US,RPS-LE16,paid,2, $96.00 , $192.00 
10/5/2016,OIC100516,OIC US,HDMI-1-R,paid,2, $82.50 , $165.00 
10/7/2016,101000,VTP,DA-SDI-DE,paid,3, $637.50 ," $1,912.50 "
10/10/2016,101006,VTP,DA-8HD,paid,3, $262.50 , $787.50 
10/10/2016,KW161010285,B&H,HDMI-PHR,paid,1, $48.75 , $48.75 
10/10/2016,KW161010285,B&H,DA-SDI-HDTV,paid,1, $247.50 , $247.50 
10/10/2016,KW161010285,B&H,Crescent 4K,paid,1," $1,725.00 "," $1,725.00 "
10/10/2016,45829,Lubbock Audio Visual,OG-MiniQ-SET-3,paid,3," $1,750.00 "," $5,250.00 "
10/10/2016,549660,AVI Systems,HDBT-1-E,paid,1, $187.50 , $187.50 
10/10/2016,549660,AVI Systems,HDBT-1-R,paid,1, $187.50 , $187.50 
10/11/2016,101022STD,VTP,DA-SDI-DE,paid,8, $637.50 ," $5,100.00 "
10/11/2016,119631,Avidex,HDM2.0-1x4,paid,1, $300.00 , $300.00 
10/11/2016,94154-X,Heartland,HDMI-SET-2,paid,4, $157.50 , $630.00 
10/11/2016,21769,Schoolhouse Audio Video,DVI-E,paid,15, $22.50 , $337.50 
10/11/2016,8618,RIA,HDMI-1x2-II,paid,1, $105.00 , $105.00 
10/13/2016,3455,System Design & Integration,HDBT-SET-3,paid,11, $300.00 ," $3,300.00 "
10/13/2016,91498-X,Heartland,DA-8HD,paid,1, $262.50 , $262.50 
10/14/2016,KW161014082,B&H,HDMI-PHR,paid,4, $48.75 , $195.00 
10/14/2016,94220-X,Heartland,KVM-SET-9,paid,1, $570.00 , $570.00 
10/14/2016,94220-X,Heartland,KVM-SET-10,paid,2, $285.00 , $570.00 
10/14/2016,550478,AVI Systems,EDID-L-H,paid,1, $82.50 , $82.50 
10/14/2016,550478,AVI Systems,US-3500,paid,1," $1,125.00 "," $1,125.00 "
10/14/2016,94225-X,Heartland,HDMI-DVI-1-MM,paid,4, $20.00 , $80.00 
10/14/2016,94225-X,Heartland,HDMI-3-MM,paid,8, $20.00 , $160.00 
10/18/2016,OIC101816A,OIC US,OIC-M1604-3G,paid,2," $10,920.00 "," $21,840.00 "
10/18/2016,OIC101816B,OIC US,DVI-1-LR,paid,7, $82.50 , $577.50 
10/20/2016,590097,Ford Audio-Video,HDMI-1x2-II,paid,1, $105.00 , $105.00 
10/20/2016,551277,AVI Systems,HDMI-1x2-II,paid,1, $105.00 , $105.00 
10/21/2016,101149STD,VTP,DA-HDTV-SDI,paid,1, $525.00 , $525.00 
10/21/2016,1787,Triton Technology,HDBT-SET-1,paid,6, $375.00 ," $2,250.00 "
10/24/2016,528463,Ford Audio-Video,HDMI-1x2-II,paid,3, $105.00 , $315.00 
10/25/2016,101147STD,VTP,DA-SDI-DE,paid,1, $637.50 , $637.50 
10/26/2016,EUA,Lifesong Church,HDMI-8-SER(M),paid,1, $250.00 , $250.00 
10/27/2016,8589,AV Integrators,HDTV-VGA-2x1,paid,1, $135.00 , $135.00 
10/27/2016,DSI-124369-110082,Diversified Systems,HDMI-DE,paid,1, $300.00 , $300.00 
11/1/2016,94424-X,Heartland,KVM-SET-12,paid,2, $746.25 ," $1,492.50 "
11/1/2016,94424-X,Heartland,HDMI-DVI-1-MM,paid,4, $20.00 , $80.00 
11/1/2016,94424-X,Heartland,HDMI-DVI-3-MM,paid,4, $25.00 , $100.00 
11/1/2016,32101,AMT Systems,EDID-L-H,paid,1, $82.50 , $82.50 
11/1/2016,282301,VMI,Mi-16,paid,1," $1,687.50 "," $1,687.50 "
11/1/2016,282301,VMI,RPS-c12VDC,paid,1, $78.00 , $78.00 
11/1/2016,1001673,Key Code Media,DA-SDI-DE,paid,1, $637.50 , $637.50 
11/1/2016,1001673,Key Code Media,DB25-AA-BL,paid,1, $90.00 , $90.00 
11/2/2016,OIC111114,OIC US,OIC-M802,paid,2," $5,099.00 "," $10,198.00 "
11/2/2016,OIC111114,OIC US,RPS-LE16,paid,2, $96.00 , $192.00 
11/2/2016,KPRC17-14278,Beck,DA-HDTV-SDI,paid,4, $525.00 ," $2,100.00 "
11/2/2016,KPRC17-14278,Beck,OG-DA-HDTV-SDI-SET-1,paid,15, $588.00 ," $8,820.00 "
11/2/2016,KPRC17-14278,Beck,OG3-FR-CN-P,paid,2," $1,645.00 "," $3,290.00 "
11/2/2016,KPRC17-14278,Beck,PS-OG3,paid,2, $547.82 ," $1,095.64 "
11/3/2016,282348,VMI,HDMI-E,paid,18, $30.00 , $540.00 
11/3/2016,15826,ABS,HDBT-SET-3,paid,1, $300.00 , $300.00 
11/4/2016,120412,Avidex,HDMI-E,paid,30, $30.00 , $900.00 
11/4/2016,15830,ABS,HDMI-SET-7,paid,5, $187.50 , $937.50 
11/4/2016,76904,Burst,DA-SDI-HDTV-II,paid,3, $221.25 , $663.75 
11/7/2016,120455,Avidex,HDMI-4x4,paid,1, $900.00 , $900.00 
11/8/2016,21091,BZB Express,DE-16,paid,8," $10,878.64 "," $87,029.12 "
11/8/2016,21091,BZB Express,HDMI-1-R,paid,8, $82.50 , $660.00 
11/8/2016,21091,BZB Express,HDMI-ADPT,paid,128, $25.00 ," $3,200.00 "
11/8/2016,9095,Enders Associates,DA-HDTV-SDI,paid,2, $525.00 ," $1,050.00 "
11/8/2016,0416283-071695,Anderson Audio Visual,HDMI-Set-2,paid,7, $157.50 ," $1,102.50 "
11/8/2016,P110816,Token Creek,MicroQ-S,paid,6, $796.00 ," $4,776.00 "
11/9/2016,21114,BZB Express,HDMI-E,paid,1, $30.00 , $30.00 
11/10/2016,KW161110150,B&H,OG-US-3500-SET-1,paid,3," $1,350.00 "," $4,050.00 "
11/10/2016,KW161110150,B&H,OG-DA-HDTV-SDI-SET-1,paid,1, $630.00 , $630.00 
11/10/2016,KW161110150,B&H,OG-MicroQ-SET-1,paid,1, $896.25 , $896.25 
11/10/2016,262145S,Compview,DA-HDTV-SDI,paid,2, $525.00 ," $1,050.00 "
11/10/2016,PO222006,Matrix MVCC,HDMI-1x2-II,paid,1, $91.00 , $91.00 
11/11/2016,KW161111335,B&H,HDMI-PHR,paid,4, $48.75 , $195.00 
11/11/2016,KW161111335,B&H,DA-SDI-HDTV,paid,1, $247.50 , $247.50 
11/11/2016,KW161111335,B&H,Crescent 4K,paid,1," $1,725.00 "," $1,725.00 "
11/11/2016,94602-X,Heartland,MicroQ-S,paid,2, $746.25 ," $1,492.50 "
11/15/2016,120766,Avidex,HDBT-1x8-II-POE,paid,1," $2,400.00 "," $2,400.00 "
11/16/2016,KW161116154,B&H,OG-MicroQ-SET-2,paid,1, $971.25 , $971.25 
11/16/2016,30694,Burst,OG-SDI-HDTV-SET-1,paid,4, $280.00 ," $1,120.00 "
11/17/2016,94676-X,Heartland,MicroQ-S,paid,1, $746.25 , $746.25 
11/17/2016,590806,Ford Audio-Video,HDMI-1x2-II,paid,1, $105.00 , $105.00 
11/18/2016,624950,Tower,Mi-16,paid,4," $1,687.50 "," $6,750.00 "
11/21/2016,3483,System Design & Integration,HDBT-set-3,paid,1, $300.00 , $300.00 
11/21/2016,3484,System Design & Integration,HDBT-set-3,paid,3, $300.00 , $900.00 
11/23/2016,590919,Ford Audio-Video,HDMI-1x2-II,paid,2, $105.00 , $210.00 
11/23/2016,94757-X,Heartland,MI-16,paid,1," $1,462.50 "," $1,462.50 "
11/28/2016,94663-X,Heartland,Mi-16,paid,2," $1,687.50 "," $3,375.00 "
11/30/2016,15883,ABS,W-3x3,paid,1," $2,600.00 "," $2,600.00 "
11/30/2016,94804-X,Heartland,LE-16HD,paid,2," $4,997.50 "," $9,995.00 "
11/30/2016,94804-X,Heartland,SDI-OUT,paid,2, $280.00 , $560.00 
11/30/2016,94804-X,Heartland,RPS-LE16,paid,2, $112.00 , $224.00 
11/30/2016,2299,Graphic Outfitters,DA-2HD,paid,8, $93.75 , $750.00 
11/30/2016,30236,Audio Intervisual Design,DA-HDTV-SDI,paid,1, $525.00 , $525.00 
12/1/2016,101374,VTP,DA-HDTV-SDI,paid,1, $525.00 , $525.00 
12/2/2016,532833,Ford Audio-Video,HDMI-1x2-II,paid,3, $105.00 , $315.00 
12/2/2016,3490,System Design & Integration,HDBT-SET-3,paid,4, $300.00 ," $1,200.00 "
12/2/2016,15891,ABS,DA-HDTV-SDI,paid,1, $525.00 , $525.00 
12/2/2016,PO014562,Mobile TV,DVI-1-LR,paid,1, $82.50 , $82.50 
12/7/2016,72448,Anderson Audio Visual,HDMI-1x8-III,paid,1, $292.50 , $292.50 
12/7/2016,72448,Anderson Audio Visual,HDMI-1x2-II,paid,1, $105.00 , $105.00 
12/9/2016,9728,BKW,DA-2HD,paid,10, $87.50 , $875.00 
12/9/2016,9728,BKW,HDMI to SDI,paid,2, $200.00 , $400.00 
12/9/2016,121471,Avidex,RPS-LE16,paid,1, $112.00 , $112.00 
12/9/2016,121471,Avidex,SDI-OUT,paid,1, $280.00 , $280.00 
12/9/2016,121471,Avidex,SPP,paid,1, $140.00 , $140.00 
12/9/2016,121471,Avidex,HDMI-1-R,paid,2, $82.50 , $165.00 
12/9/2016,121471,Avidex,LE-8HD,paid,1," $3,522.50 "," $3,522.50 "
12/9/2016,121471,Avidex,HDMI-1-E,paid,1, $75.00 , $75.00 
12/9/2016,8723,RIA,Mi-16#,paid,2," $3,150.00 "," $6,300.00 "
12/13/2016,18352,Digital Resources,DA-HDTV-SDI,paid,2, $525.00 ," $1,050.00 "
12/13/2016,PO222277,Matrix MVCC,MiniDE-4,paid,2," $1,125.00 "," $2,250.00 "
12/13/2016,PO222277,Matrix MVCC,HDMI-1-R,paid,2, $82.50 , $165.00 
12/14/2016,15907,ABS,HDBT-SET-3,paid,1, $300.00 , $300.00 
12/14/2016,95009-X,Heartland,Mi-16,paid,2," $1,575.00 "," $3,150.00 "
12/14/2016,95009-X,Heartland,RPS-C12VDC,paid,2, $78.00 , $156.00 
12/14/2016,95009-X,Heartland,MicroQ-S,paid,1, $696.50 , $696.50 
12/14/2016,95009-X,Heartland,MiniQ-1U-FR,paid,1, $56.00 , $56.00 
12/14/2016,35242,Preco,RPS-C12VDC,paid,8, $78.00 , $624.00 
12/14/2016,-72683,Anderson Audio Visual,HDMI-1x2-II,paid,2, $105.00 , $210.00 
12/14/2016,8732,RIA,DA-HDTV-SDI,paid,3, $525.00 ," $1,575.00 "
12/15/2016,95019-X,Heartland,MicroQ-S,paid,3, $696.50 ," $2,089.50 "
12/15/2016,95019-X,Heartland,MiniQ-1U-FR,paid,1, $56.00 , $56.00 
12/15/2016,282552,VMI,HDMI-PHR,paid,1, $48.75 , $48.75 
12/15/2016,12768,CBC Technical,DA-HDTV-SDI,paid,1, $560.00 , $560.00 
12/15/2016,KXAN17-14419,Beck,Mi-16,paid,1," $1,575.00 "," $1,575.00 "
12/16/2016,12161601GT,Piper Digital,OG-MiniDE-II-SET-1,paid,1, $-   , $-   
12/16/2016,95051-X,Heartland,LX-16HD,paid,1," $6,420.00 "," $6,420.00 "
12/16/2016,95051-X,Heartland,LE-16HD,paid,2," $5,997.00 "," $11,994.00 "
12/16/2016,95051-X,Heartland,HDMI-1-R,paid,8, $82.50 , $660.00 
12/16/2016,95051-X,Heartland,SPP,paid,3, $140.00 , $420.00 
12/19/2016,30868,Burst,OG-US-3500-SET-1,paid,2," $1,260.00 "," $2,520.00 "
12/19/2016,SQ-BG12191601,Kratos Public Safety,DA-2HD,paid,14, $100.00 ," $1,400.00 "
12/20/2016,121725,Avidex,HDTV-2x2H,paid,1, $187.50 , $187.50 
12/21/2016,Email,"Vulcan, Inc",VD-CONV,paid,2, $260.00 , $520.00 
12/22/2016,OIC122116,OIC US,OIC-M1604-3G,paid,1," $11,198.00 "," $11,198.00 "
12/27/2016,576832,Ford Audio-Video,HDMI-1x2-II,paid,5, $105.00 , $525.00 
12/27/2016,576833,Ford Audio-Video,DA-HDTV-SDI,paid,1, $525.00 , $525.00 
12/28/2016,21455,BZB Express,HDMI-E,paid,2, $30.00 , $60.00 
12/30/2016,18429,Digital Resources,OG-MiniDE-II-SET-1,paid,8," $1,750.00 "," $14,000.00 "
12/30/2016,18429,Digital Resources,OG3-FR-CN-P,paid,1," $1,645.00 "," $1,645.00 "
12/30/2016,18429,Digital Resources,PS-OG3,paid,1, $547.82 , $547.82 
12/30/2016,18429,Digital Resources,SPP,paid,2, $140.00 , $280.00 
12/30/2016,18429,Digital Resources,DE-4,paid,1," $3,498.60 "," $3,498.60 "
3/30/2016,17026, Digital Resources Inc. , DA-HDTV-SDI , returned ,-1, $525.00 , $(525.00)
4/7/2016,, ABS , Trade Show Expense , returned ,-1," $1,400.00 "," $(1,400.00)"
6/13/2016,91726-Y, Heartland Video , HDMI-SET-2 , returned ,-2, $157.50 , $(315.00)
6/13/2016,91726-Y, Heartland Video , Restocking Fee , returned ,-1, $(47.25), $47.25 
7/8/2016,114914, Avidex , HDTV-VGA-2x1 , returned ,-1, $135.00 , $(135.00)
7/11/2016,114536, Avidex , HDBT-SET-5-II , returned ,-2, $570.00 ," $(1,140.00)"
7/11/2016,114536, Avidex , Restocking Fee , returned ,-1," $25,934.00 "," $(25,934.00)"
7/12/2016,38416MBDJW, Omega , HDMI-DE , returned ,-1, $300.00 , $(300.00)
7/12/2016,38416MBDJW, Omega , Restocking Fee , returned ,-1, $(45.00), $45.00 
7/28/2016,29816, Audio Intervisual Design , DA-HDTV-SDI , returned ,-1, $525.00 , $(525.00)
8/16/2016,113901, Avidex , HDBT-SET-2 , returned ,-8, $450.00 ," $(3,600.00)"
8/18/2016,520504, AVI Systems , IP-16 , returned ,-2," $13,000.00 "," $(26,000.00)"
8/18/2016,520504, AVI Systems , IP-4 , returned ,-7," $3,575.00 "," $(25,025.00)"
8/18/2016,520504, AVI Systems , IP-8 , returned ,-1," $6,500.00 "," $(6,500.00)"
8/18/2016,520504, AVI Systems , Restocking Fee , returned ,-1," $(11,505.00)"," $11,505.00 "
8/18/2016,520504, AVI Systems , Missing Items , returned ,-1," $(4,475.00)"," $4,475.00 "
9/7/2016,31649," AMT Systems, Inc. ", Pinnacle , returned ,-2," $1,125.00 "," $(2,250.00)"
9/7/2016,31649," AMT Systems, Inc. ", MiniQ-1U-PS , returned ,-2, $82.50 , $(165.00)
9/7/2016,31649," AMT Systems, Inc. ", MiniQ-1U-FR , returned ,-1, $60.00 , $(60.00)
9/7/2016,31649," AMT Systems, Inc. ", Restocking Fee , returned ,-1, $(371.25), $371.25 
9/28/2016,, Gold Coast Video Inc. , Miscellaneous , returned ,-1," $46,820.00 "," $(46,820.00)"
10/3/2016,20258, BZB Express , Micro-4K , returned ,-1, $746.25 , $(746.25)
10/10/2016,, VMI Video , Trade Show , returned ,-1, $700.00 , $(700.00)
10/13/2016,91750-X, Heartland Video , Mi-16# , returned ,-2," $3,375.00 "," $(6,750.00)"
10/13/2016,91750-X, Heartland Video , Restocking Fee , returned ,-2, $(506.25)," $1,012.50 "
10/17/2016,543830, AVI Systems , DVI-XX-SC , returned ,-1, $637.50 , $(637.50)
11/2/2016,67235, Utah Scientific Inc. , LE-32HD , returned ,-1," $14,000.00 "," $(14,000.00)"
11/2/2016,67235, Utah Scientific Inc. , HDMI-1-R , returned ,-6, $82.50 , $(495.00)
11/2/2016,67235, Utah Scientific Inc. , Restocking Fee , returned ,-1," $(2,655.75)"," $2,655.75 "
11/2/2016,100451STD," VTP/MTSU, USA ", OG-DA-HDTV-SDI-RM2 , returned ,-3, $126.00 , $(378.00)
11/2/2016,100451STD," VTP/MTSU, USA ", Restocking Fee , returned ,-1, $(56.70), $56.70 
12/19/2016,15830, ABS , HDMI-SET-7 , returned ,-2, $187.50 , $(375.00)
12/19/2016,15830, ABS , Restocking Fee , returned ,-1, $(56.25), $56.25 
12/29/2016,91750-X, Heartland Video , Mi-16# , returned ,-2," $3,375.00 "," $(6,750.00)"
1/5/2017,3511,System Design & Integration,HDBT-SET-3,Paid,1,300,300
1/6/2017,95051-X,Heartland Video,HDMI-1-R,Paid,8,82.5,660
1/6/2017,95051-X,Heartland Video,LE-16HD,Paid,2,"5,997.00","11,994.00"
1/6/2017,95051-X,Heartland Video,LX-16HD,Paid,1,"6,420.00","6,420.00"
1/6/2017,95051-X,Heartland Video,SPP,Paid,3,140,420
1/16/2017,21565,BZB Express,DA-2HD,Paid,2,93.75,187.5
1/16/2017,21589,BZB Express,DVI-E,Paid,2,22.5,45
1/16/2017,21589,BZB Express,VGA-E,Paid,2,22.5,45
1/16/2017,DSI-127802-SO6625,Diversified Systems,VGA-1x2,Paid,10,112.5,"1,125.00"
1/16/2017,577287,Ford Audio-Video,HDMI-1x2-II,Paid,1,105,105
1/16/2017,4925,Gearhouse Broadcast,EVS-Set-1,Paid,1,595,595
1/18/2017,18429,Digital Resources Inc.,DE-4,Paid,1,"3,498.60","3,498.60"
1/18/2017,18429,Digital Resources Inc.,OG3-FR-CN-P,Paid,1,"1,645.00","1,645.00"
1/18/2017,18429,Digital Resources Inc.,PS-OG3,Paid,1,547.82,547.82
1/18/2017,18429,Digital Resources Inc.,SPP,Paid,2,140,280
1/18/2017,BMCourtHot,Murphy's Music,HDMI-1x4,Paid,3,240,720
1/19/2017,40144MFCM,Omega,DA-4HD,Paid,1,187.5,187.5
1/19/2017,40144MFCM,Omega,DA-8HD,Paid,1,262.5,262.5
1/20/2017,201-1289,IPR Services,OG-DA-HDTV-SDI-SET-2,Paid,10,"1,185.00","11,850.00"
1/20/2017,201-1289,IPR Services,OG-MiniQ-SET-1,Paid,4,"1,725.00","6,900.00"
1/23/2017,122477,Avidex,HDBT-SET-3,Paid,1,300,300
1/23/2017,KW170120029,B&H Photo - Video,US-3500,Paid,1,"1,125.00","1,125.00"
1/23/2017,18429,Digital Resources Inc.,OG-MiniDE-II-SET-1,Paid,8,"1,750.00","14,000.00"
1/23/2017,DSI-128816-110298,Diversified Systems,HDMI-1x2-II,Paid,1,105,105
1/23/2017,DSI-128834-110251,Diversified Systems,HDMI-1x2-II,Paid,2,105,210
1/26/2017,201-1299,IPR Services,OG-DA-HDTV-SDI-SET-2,Paid,7,"1,185.00","8,295.00"
3/9/2017,201-1299,IPR Services,OG-DA-HDTV-SDI-SET-2,Paid,-3,"1,185.00","-3,555.00"
1/26/2017,70206201,"Troxell Communications, Inc",HDBT-SET-1,Paid,1,375,375
1/27/2017,122291,Avidex,HDM2.0-1x4,Paid,1,300,300
1/27/2017,578354,Ford Audio-Video,MicroQ-S,Paid,1,746.25,746.25
1/27/2017,282735,VMI Video,HDMI-1-R,Paid,9,82.5,742.5
1/27/2017,282735,VMI Video,W-3x3,Paid,1,"3,000.00","3,000.00"
1/30/2017,46079,Lubbock Audio Video,Mi-16+,Paid,1,"2,625.00","2,625.00"
1/30/2017,282773,VMI Video,HDMI-E,Paid,5,30,150
2/1/2017,563879,AVI Systems,MiniDE-4,Paid,1,"1,125.00","1,125.00"
2/1/2017,122693,Avidex,Accessories:DC-48V-0.83A,Paid,2,50,100
2/1/2017,631093,Tower,HDMI-1x2-II,Paid,1,105,105
2/2/2017,631241,Tower,HDMI-SET-2,Paid,1,157.5,157.5
2/3/2017,631445,Tower,EDID-L-H,Paid,1,82.5,82.5
2/3/2017,631445,Tower,HDMI-E,Paid,5,30,150
2/6/2017,17-1883,AudiSee AV,W-3x3,Paid,1,"3,000.00","3,000.00"
2/6/2017,282808,VMI Video,HDMI-1-E,Paid,1,75,75
2/7/2017,21783,BZB Express,DA-2HD,Paid,4,93.75,375
2/7/2017,21792,BZB Express,DA-2HD,Paid,1,93.75,93.75
2/7/2017,631445,Tower,DA-HDTV-SDI,Paid,3,525,"1,575.00"
2/8/2017,2549619-001,Adorama Inc.,DB25-AA-UNBL,Paid,1,45,45
2/8/2017,ND17-14559,Beck Associates,OG-DA-HDTV-SDI-SET-1,Paid,10,588,"5,880.00"
2/8/2017,PO04821,Colorado Studios,EVS-1-R,Paid,2,300,600
2/8/2017,PO04821,Colorado Studios,EVS-Set-1,Paid,6,600,"3,600.00"
2/8/2017,DSI-129905-SO6741,Diversified Systems,USB-12m,Paid,6,33.75,202.5
2/8/2017,95390-Y,Heartland Video,OG-MiniQ-SET-1,Paid,1,"1,610.00","1,610.00"
2/8/2017,101646,"VTP/MTSU, USA",LX-12HD,Paid,1,"5,775.00","5,775.00"
2/8/2017,101646,"VTP/MTSU, USA",RPS-LE16,Paid,1,112,112
2/8/2017,101646,"VTP/MTSU, USA",SDI-OUT,Paid,1,280,280
2/9/2017,16413,Summit Integrated Systems,DA-HDTV-SDI,Paid,1,560,560
2/10/2017,31078,Burst,DA-4HD,Paid,1,187.5,187.5
2/10/2017,31078,Burst,DA-SDI-DE,Paid,1,637.5,637.5
2/10/2017,31078,Burst,DA-SDI-HDTV-II,Paid,1,247.5,247.5
2/13/2017,DSI-129905-SO6741,Diversified Systems,USB-12m,Paid,1,33.75,33.75
2/14/2017,21853,BZB Express,SCSI 68pin TO DB-9 Cable,Paid,1,40,40
2/14/2017,3535,System Design & Integration,HDBT-SET-4,Paid,2,450,900
2/15/2017,123045,Avidex,HDBT-SET-5-II,Paid,1,570,570
2/15/2017,21878,BZB Express,HDMI-E,Paid,1,30,30
2/15/2017,201-1307,IPR Services,OG-US-3500-SET-1,Paid,7,"1,350.00","9,450.00"
2/15/2017,282867,VMI Video,EDID-L-H,Paid,1,82.5,82.5
2/15/2017,282867,VMI Video,HDMI-E,Paid,3,30,90
2/20/2017,1342832,AVI-SPL,HDMI-1x2-II,Paid,1,105,105
2/20/2017,1343186,AVI-SPL,HDMI-SET-2,Paid,1,157.5,157.5
2/21/2017,123210,Avidex,HDBT-1-Rs-II-POE,Paid,2,225,450
2/21/2017,KW1702211102,B&H Photo - Video,OG-DA-HDTV-SDI-SET-1,Paid,2,630,"1,260.00"
2/21/2017,P1157754,VER,OPS-SDI-HDTV,Paid,30,400.2,"12,006.00"
2/22/2017,KW170221144,B&H Photo - Video,HDMI-E,Paid,5,30,150
2/27/2017,567323,AVI Systems,HDMI-1-R,Paid,1,82.5,82.5
2/27/2017,OIC021017,OIC - USA,T-OIC-802-FR,Paid,1,525,525
2/28/2017,21972,BZB Express,UNI-SW,Paid,1,225,225
2/28/2017,95815-X,Heartland Video,HDMI-1-R,Paid,8,82.5,660
2/28/2017,95815-X,Heartland Video,LE-32HD,Paid,1,"14,000.00","14,000.00"
2/28/2017,95828-S,Heartland Video,KVM-SET-10,Paid,10,350,"3,500.00"
3/1/2017,35303,PRECO,CP-16,Paid,1,630,630
3/1/2017,35303,PRECO,T#-64x8-4RU-H,Paid,1,"43,520.00","43,520.00"
3/2/2017,31172,Burst,DA-SDI-DE,Paid,1,637.5,637.5
3/2/2017,1906,Triton Technology Solutions,DA-HDTV-SDI,Paid,2,525,"1,050.00"
3/2/2017,1906,Triton Technology Solutions,MicroQ-S,Paid,2,746.25,"1,492.50"
3/2/2017,101836,"VTP/MTSU, USA",MicroQ-S,Paid,1,746.25,746.25
3/3/2017,44870,Advanced Systems Group,HDMI-8-SER(M),Paid,1,450,450
3/3/2017,101854,"VTP/MTSU, USA",HDMI-DE,Paid,1,300,300
3/6/2017,44863,Advanced Systems Group,DA-HDTV-SDI,Paid,6,525,"3,150.00"
3/6/2017,44863,Advanced Systems Group,EDID-L-H,Paid,6,82.5,495
3/6/2017,44863,Advanced Systems Group,OG-US-3000-SET-1,Paid,10,"1,260.00","12,600.00"
3/6/2017,DSI-130888-110785,Diversified Systems,DA-2HD,Paid,4,93.75,375
3/6/2017,DSI-130888-110785,Diversified Systems,OG-Micro-4K-SET-1,Paid,1,836.5,836.5
3/6/2017,DSI-130888-110785,Diversified Systems,PS-OG3,Paid,1,547.82,547.82
3/6/2017,DSI-130895-110786,Diversified Systems,OG3-FR-CN-P,Paid,1,"1,645.00","1,645.00"
3/6/2017,DSI-130895-110786,Diversified Systems,OG-MiniQ-SET-1,Paid,8,"1,610.00","12,880.00"
3/7/2017,22030,BZB Express,UNI-SW,Paid,1,225,225
3/9/2017,96065-Y,Heartland Video,DA-HDTV-SDI,Paid,2,525,"1,050.00"
3/10/2017,1349882,AVI-SPL,HDMI-1x2-II,Paid,2,105,210
3/10/2017,PO112,Meyer Projection Systems,HDMI-1x2-II,Paid,2,119,238
3/10/2017,8864-1,RIA Corporation,MiniDE-II,Paid,1,"1,987.50","1,987.50"
3/13/2017,101764,"VTP/MTSU, USA",DVI-XX-SC-DL-RX,Paid,24,975,"23,400.00"
3/13/2017,101764,"VTP/MTSU, USA",DVI-XX-SC-DL-TX,Paid,24,975,"23,400.00"
3/15/2017,96005-X,Heartland Video,LE-12HD,Paid,1,"4,680.00","4,680.00"
3/15/2017,96005-X,Heartland Video,RPS-LE16,Paid,1,112,112
3/15/2017,96041-Y,Heartland Video,OG-MiniQ-SET-1,Paid,1,"1,610.00","1,610.00"
3/16/2017,101886,"VTP/MTSU, USA",DVI-XX-SC-DL-TX,Paid,8,975,"7,800.00"
3/17/2017,1352062,AVI-SPL,HDMI-1x2-II,Paid,3,105,315
3/17/2017,56645,Cutting Edge Audio & Video Group,DP-FIB,Paid,2,"1,875.00","3,750.00"
3/17/2017,DSI-132154-110513,Diversified Systems,EVS-SET-1-II,Paid,2,675,"1,350.00"
3/21/2017,2567686-001,Adorama Inc.,OG-Micro-Single-SET-1,Paid,1,806.25,806.25
3/22/2017,3565,System Design & Integration,HDBT-SET-3,Paid,2,300,600
3/23/2017,16008,ABS-USA,DA-HDTV-SDI,Paid,1,525,525
3/23/2017,8881,RIA Corporation,SDI-FIB,Paid,2,900,"1,800.00"
3/23/2017,8881,RIA Corporation,SDI-FIB-RMT,Paid,1,750,750
3/23/2017,101939,"VTP/MTSU, USA",DVI-XX-SC-DL-RX,Paid,8,975,"7,800.00"
3/24/2017,3579,System Design & Integration,HDBT-SET-3,Paid,1,300,300
3/27/2017,22186,BZB Express,HDMI-E,Paid,1,30,30
3/27/2017,,OIC - USA,URM-DEB,Paid,1,800,800
3/28/2017,46218,Lubbock Audio Video,KVM-SET-10,Paid,1,375,375
3/28/2017,46218,Lubbock Audio Video,Mi-16,Paid,1,"1,687.50","1,687.50"
3/29/2017,45062,Advanced Systems Group,US-3500,Paid,6,"1,125.00","6,750.00"
3/29/2017,96270-X,Heartland Video,LE-12HD,Paid,2,"5,040.00","10,080.00"
3/29/2017,96270-X,Heartland Video,LE-8HD,Paid,1,"3,552.00","3,552.00"
3/29/2017,2542,One Time Customer,Accessories:DC 5V 3.2A - US,Paid,1,30,30
3/30/2017,22217,BZB Express,DA-SDI-DE,Paid,2,637.5,"1,275.00"
3/30/2017,22217,BZB Express,DB25-AA-BL,Paid,2,90,180
3/31/2017,22244,BZB Express,Micro-4K-DP,Paid,1,"1,496.25","1,496.25"
3/31/2017,594086,Ford Audio-Video,DA-HDTV-SDI,Paid,1,525,525
3/31/2017,3051,One Time Customer,HDMI-1x2-II,Paid,1,119,119
4/3/2017,96422-Y,Heartland Video,HDMI-SET-9,Paid,1,450,450
4/6/2017,1976,Triton Technology Solutions,Mi-16+,Paid,1,"2,625.00","2,625.00"
4/13/2017,124742,Avidex,DA-HDTV-SDI,Paid,1,525,525
4/14/2017,22251,BZB Express,OG-MicroQ-SET-3,Paid,1,"1,046.25","1,046.25"
4/14/2017,96569-X,Heartland Video,DA-HDTV-SDI,Paid,3,525,"1,575.00"
4/14/2017,2023,Triton Technology Solutions,HDMI-1x2-II,Paid,1,105,105
4/14/2017,102073STD,"VTP/MTSU, USA",MicroQ-1U-FR,Paid,2,60,120
4/14/2017,102073STD,"VTP/MTSU, USA",MicroQ-S,Paid,2,746.25,"1,492.50"
4/17/2017,102105,"VTP/MTSU, USA",RJ45HDMIF,Paid,1,18.75,18.75
4/18/2017,201-1335,IPR Services,OG-DA-HDTV-SDI-SET-2,Paid,3,"1,185.00","3,555.00"
4/18/2017,201-1335,IPR Services,OG-US-3500-SET-1,Paid,2,"1,350.00","2,700.00"
4/19/2017,201-1338,IPR Services,OG-MiniQ-SET-1,Paid,1,"1,725.00","1,725.00"
4/21/2017,16179,ABS-USA,OG-Micro-UDX-SET-1,Paid,1,682.5,682.5
2/14/2018,16179,ABS-USA,OG-Micro-UDX-SET-1,Paid,-1,682.5,-682.5
4/26/2017,46260,Lubbock Audio Video,Mi-16+,Paid,2,"2,625.00","5,250.00"
4/27/2017,201-1347,IPR Services,OG-DA-HDTV-SDI-SET-2,Paid,1,"1,185.00","1,185.00"
4/27/2017,201-1347,IPR Services,OG-US-3500-SET-1,Paid,1,"1,350.00","1,350.00"
4/27/2017,EDID adapter,SGB Enterprises,DB-15-HDMI,Paid,1,35,35
4/27/2017,283310,VMI Video,DP-FIB,Paid,4,"1,875.00","7,500.00"
4/28/2017,594655,Ford Audio-Video,HDMI-1x2-II,Paid,1,105,105
5/1/2017,9935,BKW,CLN-SW-6x1-M,Paid,1,"1,875.00","1,875.00"
5/1/2017,9935,BKW,DA-4HD,Paid,1,187.5,187.5
5/1/2017,9935,BKW,DA-SDI-HDTV-II,Paid,3,221.25,663.75
5/1/2017,9935,BKW,HDMI2SDI,Paid,3,200,600
5/2/2017,96725-X,Heartland Video,HDBT-SET-1,Paid,1,375,375
5/2/2017,3615,System Design & Integration,HDBT-SET-3,Paid,1,300,300
5/3/2017,271123S,Compview,DA-HDTV-SDI,Paid,4,525,"2,100.00"
5/4/2017,1367032,AVI-SPL,HDMI-1x2-II,Paid,1,105,105
5/8/2017,125177,Avidex,HDM2.0-1x4,Paid,1,300,300
5/8/2017,283334,VMI Video,HDMI-8-SER(M),Paid,1,450,450
5/9/2017,216-17,CBT Systems,DA-HDTV-SDI,Paid,2,560,"1,120.00"
5/10/2017,102229,"VTP/MTSU, USA",OG-US-3500-SET-1,Paid,1,"1,350.00","1,350.00"
5/11/2017,201-102,CBT Systems,DA-HDTV-SDI,Paid,5,560,"2,800.00"
5/11/2017,201-102,CBT Systems,HDMI-E,Paid,4,32,128
5/15/2017,125597,Avidex,HDBT-SET-1,Paid,1,375,375
5/15/2017,125641,Avidex,DA-HDTV-SDI,Paid,1,525,525
5/15/2017,KW170505102,B&H Photo - Video,OG-US-3500-SET-1,Paid,6,"1,350.00","8,100.00"
5/16/2017,595000,Ford Audio-Video,HDMI-1x2-II,Paid,1,105,105
5/18/2017,1371253,AVI-SPL,HDMI-SET-2,Paid,1,157.5,157.5
5/18/2017,18905,Digital Resources Inc.,DA-2HD,Paid,1,93.75,93.75
5/19/2017,22650,BZB Express,HDBT-1-Rs,Paid,1,150,150
5/22/2017,64472,Sound Image,DA-2HD,Paid,1,100,100
7/13/2017,64472,Sound Image,DA-2HD,Paid,-1,100,-100
5/22/2017,64472,Sound Image,DA-8HD,Paid,1,280,280
5/22/2017,64472,Sound Image,DA-HDTV-SDI,Paid,1,560,560
5/22/2017,64472,Sound Image,DA-SDI-HDTV-II,Paid,2,236,472
5/22/2017,64472,Sound Image,HDMI-SET-8,Paid,1,208,208
5/24/2017,31553,Burst,EVS-Set-1,Paid,1,525,525
5/26/2017,9974,BKW,DA-SDI-HDTV-II,Paid,3,221.25,663.75
11/7/2017,9974,BKW,DA-SDI-HDTV-II,Paid,-3,221.25,-663.75
5/30/2017,125641,Avidex,CLN-SW-6x1-H,Paid,1,"1,500.00","1,500.00"
5/30/2017,125823,Avidex,DA-HDTV-SDI,Paid,10,525,"5,250.00"
5/30/2017,1370338,AVI-SPL,DP-1x2,Paid,1,360,360
5/30/2017,1370338,AVI-SPL,DP-1x4,Paid,1,660,660
8/16/2017,1370338,AVI-SPL,DP-1x4,Paid,-1,660,-660
5/30/2017,102151STD,"VTP/MTSU, USA",DA-2HDX16-1RU,Paid,8,"1,500.00","12,000.00"
6/1/2017,96961-S,Heartland Video,KVM-SET-10,Paid,10,350,"3,500.00"
6/1/2017,96961-S,Heartland Video,KVM-SET-4,Paid,10,252,"2,520.00"
6/1/2017,97099-X,Heartland Video,Mi-16,Paid,3,"1,687.50","5,062.50"
6/1/2017,97099-X,Heartland Video,RPS-C12VDC,Paid,3,78,234
6/2/2017,1375144,AVI-SPL,HDMI-1x2-II,Paid,1,105,105
6/2/2017,9985,BKW,HDMI to HD-SDI Converter,Paid,3,200,600
6/2/2017,22803,BZB Express,HDBT-1-Es,Paid,1,150,150
6/2/2017,5778,Gold Coast Video Inc.,HDM2.0-UHD-UDC,Paid,1,221.25,221.25
6/2/2017,97102-Y,Heartland Video,HDBT-1-R,Paid,2,187.5,375
6/6/2017,16351,ABS-USA,KVM-SET-10,Paid,1,375,375
6/6/2017,260942,Unitek Computer Stores,DA-HDTV-SDI,Paid,1,560,560
6/7/2017,96810-Y,Heartland Video,DA-HDTV-SDI,Paid,2,525,"1,050.00"
6/7/2017,96810-Y,Heartland Video,HDBT-1-E,Paid,2,187.5,375
6/7/2017,96810-Y,Heartland Video,HDMI-1x4,Paid,1,225,225
6/7/2017,1644-REV1,SEG,Mi-16,Paid,1,"1,687.50","1,687.50"
6/8/2017,OIC060517,OIC - USA,HDMI-1-R,Paid,1,82.5,82.5
6/9/2017,273546S,Compview,DA-HDTV-SDI,Paid,4,525,"2,100.00"
6/9/2017,283476,VMI Video,DP-1x2,Paid,2,360,720
6/12/2017,97058-X,Heartland Video,OG3-FR-CN-P,Paid,1,"1,645.00","1,645.00"
6/12/2017,97058-X,Heartland Video,OG-Mi-9-SET-1,Paid,5,836,"4,180.00"
6/12/2017,97058-X,Heartland Video,PS-OG3,Paid,1,547.82,547.82
6/14/2017,16439,ABS-USA,DA-HDTV-SDI,Paid,1,525,525
6/14/2017,16439,ABS-USA,HDMI-SET-9,Paid,3,450,"1,350.00"
6/14/2017,97113-X,Heartland Video,Mi-16,Paid,4,"1,687.50","6,750.00"
6/14/2017,97113-X,Heartland Video,RPS-C12VDC,Paid,4,78,312
6/14/2017,IYA0017,Key Code Media,KVM-SET-10,Paid,2,375,750
12/15/2017,IYA0017,Key Code Media,KVM-SET-10,Paid,-2,375,-750
6/14/2017,102388,"VTP/MTSU, USA",CAT6-FTP-15,Paid,1,30,30
6/14/2017,102388,"VTP/MTSU, USA",HDMI-PHR,Paid,1,48.75,48.75
6/19/2017,16335,ABS-USA,DA-HDTV-SDI,Paid,2,525,"1,050.00"
6/19/2017,45511,Advanced Systems Group,DA-SDI-DE,Paid,2,637.5,"1,275.00"
6/20/2017,97380-X,Heartland Video,DA-HDTV-SDI,Paid,1,525,525
6/21/2017,16335,ABS-USA,DA-HDTV-SDI,Paid,1,525,525
6/21/2017,USAA17-15053,Beck Associates,DA-HDTV-SDI,Paid,2,525,"1,050.00"
6/21/2017,USAA17-15053,Beck Associates,DVI-E,Paid,6,22.5,135
6/21/2017,USAA17-15053,Beck Associates,EDID-L-D,Paid,1,75,75
6/21/2017,USAA17-15053,Beck Associates,OG-US-3500-SET-1,Paid,6,"1,350.00","8,100.00"
6/22/2017,64926,Sound Image,DA-4HD,Paid,1,200,200
6/26/2017,16494,ABS-USA,HDBT-SET-1,Paid,2,375,750
6/26/2017,16494,ABS-USA,KVM-SET-10,Paid,2,375,750
7/24/2017,16494,ABS-USA,KVM-SET-10,Paid,-1,375,-375
6/26/2017,126571,Avidex,DA-HDTV-SDI,Paid,1,525,525
6/26/2017,126571,Avidex,DA-SDI-HDTV-II,Paid,6,221.25,"1,327.50"
6/26/2017,18973,Digital Resources Inc.,DA-SDI-HDTV-II,Paid,3,221.25,663.75
6/26/2017,18973,Digital Resources Inc.,USB-12mH,Paid,1,48.75,48.75
6/27/2017,57367,Cutting Edge Audio & Video Group,Mi-16#,Paid,1,"3,375.00","3,375.00"
6/27/2017,57367,Cutting Edge Audio & Video Group,RPS-C12VDC,Paid,1,78,78
6/27/2017,96949-X,Heartland Video,OG3-FR-CN-P,Paid,6,"1,527.50","9,165.00"
6/27/2017,96949-X,Heartland Video,OG-Micro-Single-SET-1,Paid,52,645,"33,540.00"
6/27/2017,96949-X,Heartland Video,PS-OG3,Paid,6,508.69,"3,052.14"
6/27/2017,IYA0058,Key Code Media,KVM-SET-10,Paid,2,375,750
6/28/2017,33071,"AMT Systems, Inc.",US-3500,Paid,1,"1,125.00","1,125.00"
6/29/2017,16504,ABS-USA,DA-HDTV-SDI,Paid,1,525,525
6/29/2017,65018,Sound Image,DA-SDI-HDTV-II,Paid,1,236,236
7/3/2017,31704,Burst,OG-DA-HDTV-SDI-SET-1,Paid,3,588,"1,764.00"
7/7/2017,228-02,CBT Systems,DA-HDTV-SDI,Paid,10,560,"5,600.00"
7/7/2017,228-02,CBT Systems,EDID-L-H,Paid,5,88,440
7/7/2017,228-02,CBT Systems,OG-US-3500-SET-1,Paid,30,"1,440.00","43,200.00"
10/24/2017,228-02,CBT Systems,OG-US-3500-SET-1,Paid,-12,"1,440.00","-17,280.00"
7/7/2017,Phone,Videoworks,RJ50-DB9,Paid,4,30,120
7/7/2017,Phone,Videoworks,SCSI 68pin TO DB-9 Cable,Paid,12,40,480
7/7/2017,Phone,Videoworks,Terminal Block (GPPI),Paid,16,20,320
7/10/2017,16547,ABS-USA,DA-HDTV-SDI,Paid,1,525,525
7/10/2017,33148,"AMT Systems, Inc.",DA-SDI-HDTV-II,Paid,1,221.25,221.25
7/10/2017,33148,"AMT Systems, Inc.",MicroQ-S,Paid,1,746.25,746.25
7/10/2017,17-1956,AudiSee AV,W-3x3,Paid,1,"3,000.00","3,000.00"
7/10/2017,57489,Cutting Edge Audio & Video Group,DP-FIB,Paid,8,"1,875.00","15,000.00"
7/11/2017,596786,Ford Audio-Video,LE-8HD,Paid,1,"3,806.25","3,806.25"
7/11/2017,596786,Ford Audio-Video,SDI-OUT,Paid,1,300,300
7/12/2017,3692,System Design & Integration,HDBT-1-Rs,Paid,2,150,300
7/13/2017,2816,Graphics Outfitters,DA-2HD,Paid,50,87.5,"4,375.00"
7/17/2017,97507-X,Heartland Video,HDMI-SET-9,Paid,1,525,525
7/17/2017,97507-X,Heartland Video,IP-4,Paid,1,"3,850.00","3,850.00"
7/17/2017,97507-X,Heartland Video,SDI-OUT,Paid,1,280,280
7/17/2017,35564,PRECO,MicroQ-S,Paid,1,746.25,746.25
7/17/2017,107349,SPINITAR,DA-HDTV-SDI,Paid,5,525,"2,625.00"
7/17/2017,17192,Summit Integrated Systems,OG-US-3500-SET-1,Paid,3,"1,350.00","4,050.00"
7/18/2017,3850,Philm Gear Inc.,HDMI-1-E,Paid,1,75,75
7/19/2017,597225,Ford Audio-Video,HDMI-1x2-II,Paid,1,105,105
7/24/2017,45765,Advanced Systems Group,DB25-AES-BL,Paid,2,75,150
7/24/2017,97909-X,Heartland Video,Mi-16,Paid,1,"1,687.50","1,687.50"
7/24/2017,97909-X,Heartland Video,RPS-C12VDC,Paid,1,78,78
7/26/2017,45782,Advanced Systems Group,DA-HDTV-SDI,Paid,2,525,"1,050.00"
7/26/2017,3706,System Design & Integration,DVI-Set-1-II,Paid,1,172.5,172.5
7/27/2017,9111,RIA Corporation,DA-2HD,Paid,20,93.75,"1,875.00"
7/28/2017,5779,Gold Coast Video Inc.,US-3500,Paid,2,"1,125.00","2,250.00"
7/31/2017,275511S,Compview,HDBNC-BNC-F,Paid,4,28,112
7/31/2017,275511S,Compview,OG3-FR-CN-P,Paid,1,"1,645.00","1,645.00"
7/31/2017,275511S,Compview,OG-DA-HDTV-SDI-SET-2,Paid,1,"1,106.00","1,106.00"
7/31/2017,275511S,Compview,OG-Pinnacle-SET-1,Paid,1,"1,190.00","1,190.00"
7/31/2017,275511S,Compview,PS-OG3,Paid,1,547.82,547.82
8/1/2017,57646,Cutting Edge Audio & Video Group,DP-FIB,Paid,10,"1,875.00","18,750.00"
10/17/2017,57646,Cutting Edge Audio & Video Group,DP-FIB,Paid,-10,"1,875.00","-18,750.00"
8/2/2017,109905,Key Code Media,DA-SDI-DE,Paid,9,637.5,"5,737.50"
9/15/2017,109905,Key Code Media,DA-SDI-DE,Paid,-9,637.5,"-5,737.50"
8/3/2017,597522,Ford Audio-Video,HDMI-1x2-II,Paid,1,105,105
8/4/2017,276401S,Compview,DA-HDTV-SDI,Paid,4,525,"2,100.00"
8/4/2017,5780,Gold Coast Video Inc.,US-3500,Paid,2,"1,125.00","2,250.00"
8/8/2017,597556,Ford Audio-Video,HDMI-1x2-II,Paid,1,105,105
8/10/2017,16622,ABS-USA,KVM-SET-12,Paid,1,646.75,646.75
8/10/2017,DSI-141897-110236,Diversified Systems,Accessories:DC 5V 3.2A - US,Paid,1,30,30
8/15/2017,78042,EAR,DE-8,Paid,1,"6,373.50","6,373.50"
8/15/2017,78042,EAR,RPS-LE16,Paid,1,120,120
8/16/2017,128399,Avidex,DA-HDTV-SDI,Paid,1,525,525
8/16/2017,9141,RIA Corporation,LE-16HD,Paid,1,"6,996.50","6,996.50"
8/16/2017,9141,RIA Corporation,SDI-OUT,Paid,1,280,280
8/18/2017,17008-1,Hancock Video Engineering,Crescent 4K,Paid,1,"1,840.00","1,840.00"
8/18/2017,17008-1,Hancock Video Engineering,HDMI-PHR,Paid,4,52,208
8/21/2017,277385S,Compview,HDMI-1x2-II,Paid,16,105,"1,680.00"
8/21/2017,581645,Ford Audio-Video,DA-HDTV-SDI,Paid,1,525,525
8/21/2017,581646,Ford Audio-Video,HDMI-1x2-II,Paid,1,105,105
8/21/2017,581647,Ford Audio-Video,HDMI-1x2-II,Paid,2,105,210
8/22/2017,23394,BZB Express,HDMI-8-SER(M),Paid,1,450,450
8/24/2017,Phone,One Time Customer,Accessories:DC 12V 2A (US),Paid,1,30,30
8/25/2017,PO015197,Colorado Studios,DA-2HD,Paid,1,93.75,93.75
8/25/2017,98281-X,Heartland Video,Mi-16,Paid,1,"1,687.50","1,687.50"
8/25/2017,98281-X,Heartland Video,RPS-C12DC,Paid,1,78,78
8/25/2017,3881,Philm Gear Inc.,DA-2HD,Paid,4,93.75,375
8/28/2017,128778,Avidex,HDM2.0-1x4,Paid,1,300,300
8/28/2017,102757STD,"VTP/MTSU, USA",MicroQ-S,Paid,3,746.25,"2,238.75"
8/29/2017,14017145,AVI-SPL,DA-HDTV-SDI,Paid,1,525,525
8/29/2017,DSI-143384-50010,Diversified Systems,KVM-SET-10,Paid,1,375,375
8/30/2017,98390-K,Heartland Video,KVM-SET-12,Paid,1,746.25,746.25
8/31/2017,0817-30ALC,Meyer Projection Systems,HDMI-1X4-II,Paid,1,221,221
8/31/2017,102800,"VTP/MTSU, USA",DB25-AES-UNBL,Paid,1,30,30
9/1/2017,9180,Enders & Associates Inc.,CC-License-Mi-16,Paid,1,375,375
9/1/2017,9180,Enders & Associates Inc.,Mi-16,Paid,1,"1,687.50","1,687.50"
9/5/2017,128962,Avidex,HDM2.0-1x4,Paid,2,300,600
9/6/2017,278076S,Compview,Miscellaneous,Paid,1,350,350
9/7/2017,102833STD,"VTP/MTSU, USA",HDBT-SET-1,Paid,1,375,375
9/13/2017,78194,EAR,DA-HDTV-SDI,Paid,1,525,525
9/13/2017,205092,Ford Audio-Video,HDMI-1x2-II,Paid,1,105,105
9/14/2017,102830,"VTP/MTSU, USA",DV-Conv,Paid,1,165,165
9/14/2017,102862STD,"VTP/MTSU, USA",DA-SDI-DE,Paid,2,637.5,"1,275.00"
9/15/2017,228-102,CBT Systems,DA-HDTV-SDI,Paid,2,560,"1,120.00"
9/15/2017,228-102,CBT Systems,EDID-L-H,Paid,1,88,88
9/18/2017,2414,Ellis Pro Media,DA-SDI-HDTV,Paid,2,264,528
9/19/2017,98390-K,Heartland Video,KVM-SET-12,Paid,1,746.25,746.25
9/20/2017,46142,Advanced Systems Group,US-3500,Paid,2,"1,125.00","2,250.00"
9/20/2017,3722,System Design & Integration,HDMI-1x2-II,Paid,1,105,105
9/22/2017,16718,ABS-USA,MicroQ-1U-FR,Paid,1,60,60
9/22/2017,16718,ABS-USA,t-Warp,Paid,2,"1,125.00","2,250.00"
9/22/2017,PO015289,Colorado Studios,MiniQ-II,Paid,1,"1,897.50","1,897.50"
9/22/2017,9199,RIA Corporation,HDMI-1-R,Paid,8,82.5,660
9/22/2017,9199,RIA Corporation,LE-32HD,Paid,1,"14,000.00","14,000.00"
9/25/2017,IMTO14430,"Integrated Media Technologies, Inc.",OG-DA-HDTV-SDI-SET-1,Paid,1,672,672
9/26/2017,23744,BZB Express,DA-2HD,Paid,2,93.75,187.5
9/26/2017,DSI-145035-111384,Diversified Systems,Mi-16,Paid,2,"1,687.50","3,375.00"
9/26/2017,9223,RIA Corporation,SDI-FIB,Paid,2,900,"1,800.00"
9/27/2017,598725,Ford Audio-Video,HDMI-1x2-II,Paid,3,105,315
9/27/2017,98856-X,Heartland Video,KVM-SET-12,Paid,2,746.25,"1,492.50"
9/28/2017,23781-Revised,BZB Express,RJ50-DB9,Paid,2,30,60
9/28/2017,3729,System Design & Integration,HDBT-1-R,Paid,1,187.5,187.5
9/29/2017,23787,BZB Express,RJ50-DB9,Paid,2,30,60
9/29/2017,DSI-145035-111384,Diversified Systems,DA-SDI-HDTV-II,Paid,2,221.25,442.5
9/29/2017,9233,RIA Corporation,DA-HDTV-SDI,Paid,10,525,"5,250.00"
9/29/2017,2292,Triton Technology Solutions,DA-2HD,Paid,1,93.75,93.75
10/2/2017,102830,"VTP/MTSU, USA",DV-Conv,Paid,1,165,165
10/3/2017,46309,Advanced Systems Group,US-3500,Paid,1,"1,125.00","1,125.00"
10/3/2017,130385,Avidex,CLN-SW-6x1-H,Paid,1,"1,500.00","1,500.00"
10/3/2017,1410789,AVI-SPL,HDM2.0-1x2,Paid,1,150,150
10/3/2017,1410789,AVI-SPL,HDM2.0-1x8,Paid,1,450,450
10/3/2017,19334,Digital Resources Inc.,HDTV-VGA-2x2A,Paid,4,225,900
10/3/2017,3751,System Design & Integration,HDBT-SET-3,Paid,2,300,600
10/3/2017,284154,VMI Video,HDM2.0-FIB,Paid,2,"1,875.00","3,750.00"
10/3/2017,102949,"VTP/MTSU, USA",DP-1x2,Paid,1,360,360
10/5/2017,2453,Ellis Pro Media,DA-HDTV-SDI,Paid,2,560,"1,120.00"
10/9/2017,599009,Ford Audio-Video,HDMI-1x2-II,Paid,1,105,105
10/9/2017,102948,"VTP/MTSU, USA",DP-1x2,Paid,1,360,360
10/10/2017,654907,Tower,OG-DA-HDTV-SDI-II-SET-2,Paid,20,"1,008.00","20,160.00"
10/10/2017,284204,VMI Video,EDID-L-H,Paid,4,82.5,330
10/11/2017,17843,Summit Integrated Systems,OG-US-3500-SET-1,Paid,3,"1,350.00","4,050.00"
10/12/2017,130311,Avidex,HDBT-1-RAP,Paid,2,225,450
10/13/2017,23963,BZB Express,HDTV-VGA-2x2A,Paid,1,225,225
10/13/2017,103018,"VTP/MTSU, USA",Mi-16,Paid,1,"1,687.50","1,687.50"
10/13/2017,103018,"VTP/MTSU, USA",RPS-C12VDC,Paid,1,78,78
10/16/2017,46307,Advanced Systems Group,US-3500,Paid,1,"1,125.00","1,125.00"
10/16/2017,46309,Advanced Systems Group,US-3500,Paid,2,"1,125.00","2,250.00"
10/16/2017,130385,Avidex,DA-HDTV-SDI,Paid,1,525,525
10/16/2017,2500106241,Freeman Audio Visual Solutions,OG-MiniDE-II-SET-1,Paid,2,"1,905.00","3,810.00"
10/16/2017,2500106241,Freeman Audio Visual Solutions,OG-MiniQ-SET-1,Paid,1,"1,725.00","1,725.00"
10/16/2017,99214-X,Heartland Video,Mi-16,Paid,1,"1,687.50","1,687.50"
10/16/2017,99214-X,Heartland Video,RPS-C12DC,Paid,1,78,78
10/16/2017,1668,SEG,Mi-16,Paid,1,"1,687.50","1,687.50"
10/16/2017,P1315522,VER,DP-FIB,Paid,10,"1,625.00","16,250.00"
10/18/2017,2479,Ellis Pro Media,DA-HDTV-SDI,Paid,2,560,"1,120.00"
10/18/2017,66500,Sound Image,HDBT-SET-1,Paid,1,400,400
10/19/2017,73-KV100617,AVMS,HDMI-1x4-III,Paid,1,195,195
10/19/2017,OIC111114,OIC - USA,OIC-M802,Paid,2,"5,099.00","10,198.00"
10/19/2017,OIC111114,OIC - USA,RPS-LE16,Paid,2,96,192
10/20/2017,1419079,AVI-SPL,HDMI-1x2-II,Paid,1,105,105
10/20/2017,280409S,Compview,DA-HDTV-SDI,Paid,3,525,"1,575.00"
6/27/2018,280409S,Diversified Systems,DA-HDTV-SDI,Paid,-2,210,-420
10/23/2017,99231-X,Heartland Video,TSE-SET-2,Paid,1,390,390
10/26/2017,99366-X,Heartland Video,MicroQ-S,Paid,1,746.25,746.25
10/26/2017,1027093,Shoreview,DB25-AA-UNBL,Paid,1,67.5,67.5
10/31/2017,24035,BZB Express,KVM-SET-4,Paid,1,270,270
10/31/2017,24108,BZB Express,EDID-L-V,Paid,1,75,75
10/31/2017,24108,BZB Express,HDMI-E,Paid,1,30,30
11/1/2017,284295,VMI Video,CP-16,Paid,1,630,630
11/1/2017,284295,VMI Video,Mi-16,Paid,1,"1,687.50","1,687.50"
11/2/2017,99463-X,Heartland Video,USB-EXT-1,Paid,1,135,135
11/3/2017,PO12452,"Swiss Devco, Inc",DA-HDTV-SDI,Paid,4,560,"2,240.00"
11/6/2017,16919,ABS-USA,Mi-16,Paid,2,"1,687.50","3,375.00"
11/6/2017,16919,ABS-USA,RPS-C12VDC,Paid,2,78,156
11/7/2017,1424170,AVI-SPL,HDMI-1x2-II,Paid,2,105,210
5/4/2018,1424170,AVI-SPL,HDMI-1x2-II,Paid,-1,105,-105
11/8/2017,3762,System Design & Integration,HDBT-1-Es,Paid,2,150,300
11/8/2017,103097,"VTP/MTSU, USA",Mi-16,Paid,1,"1,687.50","1,687.50"
11/13/2017,599614,Ford Audio-Video,HDMI-1x2-II,Paid,3,105,315
11/13/2017,41351DFJW,Omega,MX-32,Paid,1,"9,000.00","9,000.00"
11/15/2017,583555,Ford Audio-Video,DA-HDTV-SDI,Paid,1,525,525
11/17/2017,284380,VMI Video,DP-1x2,Paid,1,360,360
11/20/2017,284214,VMI Video,CLN-SW-6x1-H,Paid,1,"1,500.00","1,500.00"
11/20/2017,284214,VMI Video,MicroDE-4,Paid,1,"1,125.00","1,125.00"
11/27/2017,15599,Beck Associates,DA-HDTV-SDI,Paid,2,525,"1,050.00"
11/27/2017,15599,Beck Associates,OG3-FR-CN-P,Paid,1,"1,762.50","1,762.50"
11/27/2017,15599,Beck Associates,OG-DA-HDTV-SDI-II-SET-1,Paid,6,623,"3,738.00"
11/27/2017,15599,Beck Associates,PS-OG3,Paid,1,586.95,586.95
11/27/2017,QVC18-15674,Beck Associates,DA-SDI-DE,Paid,4,637.5,"2,550.00"
11/29/2017,32579,Burst,DA-HDTV-SDI,Paid,2,525,"1,050.00"
12/1/2017,600477,Ford Audio-Video,HDMI-1x2-II,Paid,1,105,105
12/1/2017,600506,Ford Audio-Video,HDMI-1x2-II,Paid,2,105,210
12/6/2017,284473,VMI Video,MicroQ-S,Paid,1,746.25,746.25
12/6/2017,103206,"VTP/MTSU, USA",DVI-XX-SC,Paid,1,712.5,712.5
12/7/2017,600791,Ford Audio-Video,HDMI-1x2-II,Paid,2,105,210
12/7/2017,600974,Ford Audio-Video,DA-HDTV-SDI,Paid,1,525,525
12/7/2017,103190STD,"VTP/MTSU, USA",OG3-FR-CN-P,Paid,4,"1,598.00","6,392.00"
12/7/2017,103190STD,"VTP/MTSU, USA",OG-US-3500-SET-1,Paid,24,"1,224.00","29,376.00"
12/7/2017,103190STD,"VTP/MTSU, USA",PS-OG3,Paid,4,531.76,"2,127.04"
12/8/2017,OIC120117,OIC - USA,OIC-M1604,Paid,1,"11,198.00","11,198.00"
12/11/2017,604672,AVI Systems,HDMI-1x2-II,Paid,1,105,105
12/11/2017,32733,Burst,DA-HDTV-SDI,Paid,5,525,"2,625.00"
12/13/2017,100087-X,Heartland Video,DA-HDTV-SDI,Paid,1,525,525
12/13/2017,103155STD,"VTP/MTSU, USA",OG-MiniDE-II-SET-1,Paid,2,"1,750.00","3,500.00"
12/14/2017,282606S,Compview,DE-12,Paid,1,"8,748.60","8,748.60"
12/14/2017,58472,Cutting Edge Audio & Video Group,Mi-16+,Paid,1,"2,625.00","2,625.00"
12/14/2017,58472,Cutting Edge Audio & Video Group,RPS-C12VDC,Paid,1,78,78
12/14/2017,DSI-150243-SO8009,Diversified Systems,OG3-FR-C-P,Paid,1,"1,225.00","1,225.00"
12/14/2017,DSI-150243-SO8009,Diversified Systems,OG-DA-4HD-II-SET-1,Paid,8,273,"2,184.00"
12/14/2017,DSI-150243-SO8009,Diversified Systems,PS-OG3,Paid,1,547.4,547.4
12/15/2017,9365,RIA Corporation,KVM-SET-1,Paid,1,208,208
12/18/2017,131780,Avidex,HDTV-2x2H,Paid,1,187.5,187.5
12/18/2017,131809,Avidex,HDTV-2x2H,Paid,1,187.5,187.5
12/18/2017,1437121,AVI-SPL,HDMI-1x2-II,Paid,1,105,105
12/21/2017,33750,"AMT Systems, Inc.",DA-8HD,Paid,1,262.5,262.5
12/21/2017,3809,System Design & Integration,HDBT-1-Es,Paid,4,150,600
12/26/2017,131932,Avidex,CLN-SW-6x1-H,Paid,1,"1,500.00","1,500.00"
12/26/2017,1436054,AVI-SPL,HDM-DP1.2,Paid,1,63.75,63.75
12/26/2017,100230-X,Heartland Video,OG-US-3500-SET-1,Paid,24,"1,260.00","30,240.00"
12/27/2017,67244,Sound Image,DA-8HD,Paid,1,280,280
12/27/2017,67244,Sound Image,DA-HDTV-SDI,Paid,1,560,560
12/27/2017,67244,Sound Image,DA-SDI-HDTV-II,Paid,4,236,944
12/29/2017,227-29,CBT Systems,DA-HDTV-SDI,Paid,11,525,"5,775.00"
12/29/2017,227-29,CBT Systems,OG-US-3500-SET-1,Paid,9,"1,350.00","12,150.00"
12/29/2017,100236-Y,Heartland Video,LI-12HD,Paid,1,"6,020.00","6,020.00"
1/2/2018,601817,Ford Audio-Video,DA-SDI-HDTV,Paid,1,247.5,247.5
1/2/2018,601817,Ford Audio-Video,DA-SDI-HDTV-II,Paid,3,221.25,663.75
1/3/2018,0117-02SCLR,Meyer Projection Systems,KVM-SET-10,Paid,1,425,425
1/12/2018,Stadium18-15797,Beck Associates,HDMI-SET-9,Paid,6,450,"2,700.00"
1/12/2018,100432-X,Heartland Video,Mi-16,Paid,1,"1,687.50","1,687.50"
1/12/2018,100432-X,Heartland Video,RPS-12VDC40W,Paid,1,78,78
1/12/2018,35851,PRECO,DA-SDI-DE,Paid,8,637.5,"5,100.00"
1/12/2018,35851,PRECO,DB25-AA-BL,Paid,4,90,360
1/12/2018,35851,PRECO,DB25-AES-BL,Paid,4,75,300
1/15/2018,28565,"5280 Broadcast, Inc.",EDID-L-H,Paid,1,88,88
1/15/2018,28565,"5280 Broadcast, Inc.",HDM2.0-1x4,Paid,1,320,320
1/15/2018,28565,"5280 Broadcast, Inc.",HDMI-1-E-IR,Paid,2,80,160
1/15/2018,28565,"5280 Broadcast, Inc.",HDMI-1-R-IR,Paid,2,104,208
1/15/2018,608138,AVI Systems,HDMI-1x2-II,Paid,1,105,105
1/15/2018,DSI-151969-SO8092,Diversified Systems,Mi-16,Paid,1,"1,687.50","1,687.50"
1/15/2018,DSI-151969-SO8092,Diversified Systems,Mi-16#,Paid,1,"3,375.00","3,375.00"
1/15/2018,DSI-151969-SO8092,Diversified Systems,RPS-12VDC40W,Paid,2,104,208
1/15/2018,67438,Sound Image,DA-HDTV-SDI,Paid,1,560,560
1/15/2018,67438,Sound Image,HDMI-1x2-II,Paid,1,112,112
1/16/2018,PO015578,Colorado Studios,DA-2HD,Paid,1,93.75,93.75
1/17/2018,OIC180105,OIC - USA,OIC-M1604,Paid,2,"11,198.00","22,396.00"
1/23/2018,QVC18-15845,Beck Associates,DB25-AES-UNBL,Paid,4,65.53,262.12
1/23/2018,100583-X,Heartland Video,Mi-16,Paid,1,"1,687.50","1,687.50"
1/23/2018,100583-X,Heartland Video,RPS-12VDC40W,Paid,1,78,78
1/23/2018,100606-X,Heartland Video,DA-2HD,Paid,40,93.75,"3,750.00"
1/23/2018,67598,Sound Image,DA-HDTV-SDI,Paid,1,560,560
1/24/2018,133098,Avidex,HDMI-E,Paid,60,30,"1,800.00"
1/24/2018,100600-X,Heartland Video,DA-2HD,Paid,8,93.75,750
1/25/2018,24877,BZB Express,KVM-SET-12,Paid,2,746.25,"1,492.50"
1/26/2018,OIC180115,OIC - USA,OIC-M802,Paid,1,"5,099.00","5,099.00"
1/26/2018,OIC180115,OIC - USA,RPS-LE16,Paid,1,96,96
2/1/2018,33977,"AMT Systems, Inc.",DA-SDI-HDTV-II,Paid,3,221.25,663.75
2/1/2018,24904,BZB Express,HDMI-8-SER(M),Paid,2,450,900
2/1/2018,100603-S,Heartland Video,KVM-SET-10,Paid,10,350,"3,500.00"
2/2/2018,0218-01-IF,Meyer Projection Systems,DA-HDTV-SDI,Paid,2,525,"1,050.00"
2/2/2018,67700,Sound Image,DA-HDTV-SDI,Paid,1,560,560
3/19/2018,67700,Sound Image,DA-HDTV-SDI,Paid,-1,560,-560
2/2/2018,2002689,VER,DA-2HD,Unpaid,10,93.75,937.5
2/6/2018,24877,BZB Express,KVM-1-RH-LAN,Paid,2,375,750
2/6/2018,284699,VMI Video,HDMI-1-R,Paid,9,82.5,742.5
2/6/2018,284699,VMI Video,W-3x3,Paid,1,"3,000.00","3,000.00"
2/9/2018,100847-X,Heartland Video,HDBT-SET-3,Paid,1,300,300
2/13/2018,48277,Advanced Systems Group,US-3500,Paid,3,"1,125.00","3,375.00"
2/19/2018,48277,Advanced Systems Group,US-3500,Paid,1,"1,125.00","1,125.00"
2/21/2018,612952,AVI Systems,DA-HDTV-SDI,Paid,1,525,525
2/26/2018,2583,"Distinctive Video Engineering, Inc",EDID-EW-H,Paid,4,68,272
2/26/2018,100962-X,Heartland Video,EDID-EW-H,Paid,67,63.75,"4,271.25"
2/27/2018,603919,Ford Audio-Video,OG3-FR-C-P,Paid,1,"1,645.00","1,645.00"
2/27/2018,603919,Ford Audio-Video,OG-MiniDE-II-SET-1,Paid,2,"1,778.00","3,556.00"
2/27/2018,603919,Ford Audio-Video,PS-OG3,Paid,1,547.4,547.4
2/27/2018,PPO-00201,Fuse Technical Group LLC,OG-Mi-9+-SET-1,Paid,4,"1,116.00","4,464.00"
2/27/2018,103477,"VTP/MTSU, USA",DA-HDTV-SDI,Paid,3,525,"1,575.00"
2/28/2018,227-349,CBT Systems,DA-HDTV-SDI,Paid,6,525,"3,150.00"
2/28/2018,,Sound Image,DA-HDTV-SDI,Paid,1,560,560
3/5/2018,DSI-156135-SO8310,Diversified Systems,MiniDE-4-UHD,Paid,1,"3,375.00","3,375.00"
3/5/2018,103502,"VTP/MTSU, USA",DA-HDTV-SDI,Paid,3,525,"1,575.00"
3/6/2018,134078,Avidex,DA-HDTV-SDI,Paid,4,525,"2,100.00"
3/6/2018,134078,Avidex,DA-SDI-HDTV-II,Paid,3,221.25,663.75
3/6/2018,25255,BZB Express,TSE-SET-2,Paid,1,390,390
3/6/2018,101108-X,Heartland Video,EDID-EW-H,Paid,5,63.75,318.75
3/7/2018,134128,Avidex,DA-HDTV-SDI,Paid,2,525,"1,050.00"
3/7/2018,7620,Matrix Audio Visual Designs,DA-HDTV-SDI,Paid,1,560,560
3/7/2018,35914,PRECO,HDMI-1x2-II,Paid,4,105,420
3/7/2018,9412,RIA Corporation,Mi-16+,Paid,1,"2,625.00","2,625.00"
3/8/2018,17275,ABS-USA,OG-Pinnacle-L-SET-1,Paid,1,"1,540.00","1,540.00"
3/8/2018,48455,Advanced Systems Group,EDID-L-H,Paid,4,82.5,330
3/8/2018,48455,Advanced Systems Group,RPS-12VDC40W,Paid,2,78,156
3/8/2018,48455,Advanced Systems Group,US-3500,Paid,4,"1,125.00","4,500.00"
3/8/2018,101122-S,Heartland Video,KVM-SET-10,Paid,10,350,"3,500.00"
3/9/2018,2850,Aset Advanced Security & Electrical Tech,EDID-L-H,Paid,1,88,88
3/9/2018,2850,Aset Advanced Security & Electrical Tech,HDMI-E,Paid,25,32,800
3/9/2018,25359,BZB Express,EDID-EW-H,Paid,1,63.75,63.75
3/9/2018,3875,System Design & Integration,HDBT-SET-5-II,Paid,1,570,570
3/12/2018,48551,Advanced Systems Group,DA-HDTV-SDI,Paid,4,525,"2,100.00"
3/12/2018,227-381,CBT Systems,DA-HDTV-SDI,Paid,1,264,264
3/12/2018,227-381,CBT Systems,HDMI-PHR,Paid,9,52,468
3/12/2018,227-381,CBT Systems,W-3x3,Paid,1,"3,200.00","3,200.00"
3/14/2018,101287-X,Heartland Video,EDID-EW-H,Paid,1,63.75,63.75
3/15/2018,101217-S,Heartland Video,KVM-SET-10,Paid,10,350,"3,500.00"
3/15/2018,103578STD,"VTP/MTSU, USA",Mi-16,Paid,1,"1,687.50","1,687.50"
3/15/2018,103578STD,"VTP/MTSU, USA",RPS-12VDC40W,Paid,1,78,78
3/19/2018,605465,Ford Audio-Video,HDMI-1x2-II,Paid,1,105,105
3/19/2018,103572STD,"VTP/MTSU, USA",Mi-16#,Paid,1,"3,375.00","3,375.00"
3/19/2018,103572STD,"VTP/MTSU, USA",OG3-FR-CN-P,Paid,4,"1,645.00","6,580.00"
3/19/2018,103572STD,"VTP/MTSU, USA",OG-DA-4HD-II-SET-2,Paid,10,560,"5,600.00"
3/19/2018,103572STD,"VTP/MTSU, USA",PS-OG3,Paid,4,547.4,"2,189.60"
3/20/2018,3701,Broadcast Pix Inc.,HDMI-SET-2,Paid,5,157.5,787.5
3/26/2018,17323,ABS-USA,OG3-FR-CN-P,Paid,1,"1,645.00","1,645.00"
3/26/2018,17323,ABS-USA,OG-DA-8HD-II-SET-1,Paid,1,346.5,346.5
3/26/2018,17323,ABS-USA,PS-OG3,Paid,1,547.4,547.4
3/27/2018,605910,Ford Audio-Video,HDMI-1x2-II,Paid,1,105,105
3/28/2018,SQ-BG03281801,Aset Advanced Security & Electrical Tech,EDID-EW-H,Paid,25,68,"1,700.00"
4/2/2018,76922,Artistic Resources Corp,OG-Mi-9+-MB,Paid,1,836.5,836.5
4/2/2018,76922,Artistic Resources Corp,OG-Mi-9+-SET-1,Paid,2,976.5,"1,953.00"
4/2/2018,606204,Ford Audio-Video,HDMI-1x2-II,Paid,1,105,105
4/3/2018,101440-X,Heartland Video,EDID-EW-H,Paid,28,63.75,"1,785.00"
4/3/2018,SQ-BG03101804,Kratos Public Safety,DA-2HD,Paid,8,100,800
4/3/2018,285046,VMI Video,MicroQ-S,Paid,2,746.25,"1,492.50"
4/5/2018,15758,Colorado Studios,DA-2HD,Paid,7,81.25,568.75
4/5/2018,15759,Colorado Studios,DA-2HD,Paid,7,81.25,568.75
4/16/2018,15760,Colorado Studios,DA-2HD,Paid,4,81.25,325
4/16/2018,15769,Colorado Studios,DA-2HD,Paid,7,81.25,568.75
4/16/2018,15770,Colorado Studios,DA-2HD,Paid,5,81.25,406.25
4/16/2018,15771,Colorado Studios,DA-2HD,Paid,7,81.25,568.75
4/16/2018,15775,Colorado Studios,DA-2HD,Paid,2,81.25,162.5
4/16/2018,3891,System Design & Integration,HDBT-1-R,Paid,2,187.5,375
4/17/2018,103741,"VTP/MTSU, USA",DA-4HD,Paid,4,187.5,750
4/18/2018,180404A,OIC - USA,OIC-M802,Paid,2,"5,099.00","10,198.00"
4/18/2018,180404A,OIC - USA,RPS-LE16,Paid,2,96,192
4/20/2018,1472093,AVI-SPL,DA-HDTV-SDI,Paid,1,525,525
4/20/2018,1472093,AVI-SPL,DA-SDI-DE,Paid,2,637.5,"1,275.00"
4/20/2018,10378,BKW,OG-SDI-HDTV-SET-1,Paid,3,280,840
4/20/2018,101640-X,Heartland Video,DA-2HDX16-1RU,Paid,1,"1,500.00","1,500.00"
4/23/2018,15803,Colorado Studios,DA-2HD,Paid,4,81.25,325
4/25/2018,135559,Avidex,RJ45DVIF,Paid,2,18.75,37.5
4/27/2018,40655,Integrated Media Systems,DA-HDTV-SDI,Paid,1,560,560
5/1/2018,20008,Digital Resources Inc.,OG-MicroQ-SET-1,Paid,1,836.5,836.5
5/2/2018,607499,Ford Audio-Video,HDMI-1x2-II,Paid,5,105,525
5/4/2018,1424170,AVI-SPL,HDMI-1x2-II,Paid,-1,105,-105
5/4/2018,Email,Portland Timbers,DA-HDTV-SDI,Paid,1,700,700
5/7/2018,1470768,AVI-SPL,HDM2.0-1x2,Paid,3,150,450
5/7/2018,1470768,AVI-SPL,HDM2.0-1x2,Paid,1,150,150
5/7/2018,DSI-160498-111850,Diversified Systems,DA-HDTV-SDI,Paid,16,525,"8,400.00"
5/7/2018,101953-Y,Heartland Video,DA-HDTV-SDI,Paid,2,525,"1,050.00"
5/7/2018,101953-Y,Heartland Video,HDBT-1-E,Paid,2,187.5,375
5/7/2018,101953-Y,Heartland Video,HDBT-1-R,Paid,2,187.5,375
5/7/2018,101953-Y,Heartland Video,HDMI-1x4,Paid,1,225,225
5/7/2018,PO-4044,Philm Gear Inc.,OG-DA-HDTV-SDI-SET-1,Paid,1,623,623
5/7/2018,PO-4044,Philm Gear Inc.,OG-HDBT-EAPx-SET-1,Paid,1,787.5,787.5
5/7/2018,PO-4044,Philm Gear Inc.,OG-MicroQ-SET-1,Paid,1,836.5,836.5
5/7/2018,3910,System Design & Integration,HDBT-1-R,Paid,9,187.5,"1,687.50"
5/7/2018,3910,System Design & Integration,HDBT-SET-3,Paid,1,300,300
5/8/2018,2770,Ellis Pro Media,OG-US-3500-SET-1,Paid,3,"1,350.00","4,050.00"
5/8/2018,101893-X,Heartland Video,DA-HDTV-SDI,Paid,32,525,"16,800.00"
5/9/2018,1029124,Shoreview,DA-HDTV-SDI,Paid,4,525,"2,100.00"
5/9/2018,103843,"VTP/MTSU, USA",DA-HDTV-SDI,Paid,7,525,"3,675.00"
5/10/2018,15853,Colorado Studios,DA-2HD,Paid,6,81.25,487.5
5/10/2018,102014-Y,Heartland Video,DA-2HD,Paid,4,93.75,375
5/15/2018,205795,Ford Audio-Video,HDMI-1x2-II,Paid,1,105,105
5/17/2018,1479490,AVI-SPL,HDM2.0-1x2,Paid,2,150,300
5/21/2018,PPO-00482,Fuse Technical Group LLC,OG-Mi-9+-SET-1,Paid,3,976.5,"2,929.50"
5/22/2018,3918,System Design & Integration,HDBT-SET-5-II,Paid,4,570,"2,280.00"
5/22/2018,103831,"VTP/MTSU, USA",HDM2.0-1x4,Paid,1,300,300
5/23/2018,623738,AVI Systems,OG-MiniDE-II-SET-1,Paid,1,"1,778.00","1,778.00"
5/23/2018,625008,AVI Systems,DP-FIB,Paid,1,"1,875.00","1,875.00"
5/29/2018,103904,"VTP/MTSU, USA",DVI-XX-SC-RX,Paid,56,356.25,"19,950.00"
5/29/2018,103904,"VTP/MTSU, USA",DVI-XX-SC-TX,Paid,28,356.25,"9,975.00"
5/30/2018,17541,ABS-USA,LE-16HD,Paid,1,"6,996.50","6,996.50"
5/30/2018,17541,ABS-USA,RPS-LE16,Paid,1,112,112
5/30/2018,404028-28,Intent Digital,DA-2HDX16-1RU,Paid,1,656.25,656.25
5/30/2018,404028-28,Intent Digital,HDMI-1-R,Paid,2,82.5,165
5/30/2018,404028-28,Intent Digital,LX-16HD,Paid,1,"8,025.00","8,025.00"
6/1/2018,26238,BZB Express,EDID-EW-H,Paid,1,63.75,63.75
6/1/2018,608690,Ford Audio-Video,HDMI-1x2-II,Paid,5,105,525
6/1/2018,PPO-00602,Fuse Technical Group LLC,DE-16,Paid,1,"11,198.60","11,198.60"
6/1/2018,PPO-00602,Fuse Technical Group LLC,HDMI-1-R,Paid,1,82.5,82.5
6/4/2018,33469,Burst,DA-HDTV-SDI,Paid,1,525,525
6/6/2018,608903,Ford Audio-Video,US-3000,Paid,1,900,900
6/6/2018,IMTO16520,"Integrated Media Technologies, Inc.",DA-HDTV-SDI,Paid,1,525,525
6/14/2018,EUA-061418,ASI Sign Systems,HDMI-1-E,Paid,1,75,75
6/14/2018,EUA-061418,ASI Sign Systems,HDMI-1-R,Paid,1,82.5,82.5
6/14/2018,609621,Ford Audio-Video,HDMI-1x2-II,Paid,1,105,105
6/14/2018,OIC-180518,OIC - USA,OIC-M802,Paid,2,"5,099.00","10,198.00"
6/15/2018,136763,Avidex,HDM2.0-1x2-II,Paid,2,187.5,375
6/21/2018,CM014229,Matrix,DA-HDTV-SDI,Paid,3,525,"1,575.00"
6/22/2018,59894,Cutting Edge Audio & Video Group,Mi-16#,Paid,1,"3,375.00","3,375.00"
6/22/2018,102456-X,Heartland Video,KVM-SET-12-II,Paid,7,821.25,"5,748.75"
6/22/2018,285466,VMI Video,HDMI-1-R,Paid,20,82.5,"1,650.00"
6/26/2018,34610,"AMT Systems, Inc.",HDMI-1x4,Paid,1,225,225
6/27/2018,49496,Advanced Systems Group,US-3500,Paid,1,"1,125.00","1,125.00"
6/27/2018,26491,BZB Express,RJ45HDMIF,Paid,1,18.75,18.75
6/27/2018,280409S,Diversified Systems,DA-HDTV-SDI,Paid,-2,210,-420
6/27/2018,610264,Ford Audio-Video,DA-8HD,Paid,2,262.5,525
11/7/2018,610264,Ford Audio-Video,DA-8HD,Paid,-4,262.5,"-1,050.00"
6/27/2018,610264,Ford Audio-Video,DA-SDI-HDTV-II,Paid,4,221.25,885
6/28/2018,610343,Ford Audio-Video,HDMI-1x2-II,Paid,2,105,210
6/29/2018,610088,Ford Audio-Video,HDMI-1x2-II,Paid,1,105,105
6/29/2018,610423,Ford Audio-Video,DA-2HD,Paid,1,93.75,93.75
6/29/2018,610423,Ford Audio-Video,DA-8HD,Paid,2,262.5,525
11/7/2018,610264,Ford Audio-Video,DA-8HD,Paid,-4,262.5,"-1,050.00"
6/29/2018,610423,Ford Audio-Video,DA-SDI-HDTV-II,Paid,12,221.25,"2,655.00"
7/3/2018,26536,BZB Express,KVM-SET-4,Paid,1,270,270
7/3/2018,DSI-164917-112128,Diversified Systems,DA-HDTV-SDI,Paid,5,525,"2,625.00"
7/3/2018,36084,PRECO,HDMI-1x2-II,Paid,4,105,420
7/5/2018,610423,Ford Audio-Video,DA-8HD,Paid,1,262.5,262.5
7/5/2018,104126,"VTP/MTSU, USA",DA-8HD,Paid,5,262.5,"1,312.50"
7/9/2018,DSI-165283-112128,Diversified Systems,DA-HDTV-SDI,Paid,1,525,525
7/10/2018,242-03,CBT Systems,DA-HDTV-SDI,Paid,6,560,"3,360.00"
7/10/2018,242-03,CBT Systems,EDID-EW-H,Paid,6,68,408
7/10/2018,242-03,CBT Systems,OG-US-3500-SET-1,Paid,11,"1,440.00","15,840.00"
7/10/2018,102845-X,Heartland Video,DA-SDI-HDTV-II,Paid,1,221.25,221.25
7/11/2018,172-200,CBT Systems,OG-US-3000-SET-1,Paid,1,"1,200.00","1,200.00"
7/11/2018,172-200,CBT Systems,OG-US-4000-SET-1,Paid,1,"2,000.00","2,000.00"
7/11/2018,235-05,CBT Systems,DA-HDTV-SDI,Paid,2,616,"1,232.00"
7/11/2018,235-05,CBT Systems,EDID-L-H,Paid,2,96.8,193.6
7/12/2018,DSI-165177-111863,Diversified Systems,OG3-FR-CN-P,Paid,1,"2,467.50","2,467.50"
7/12/2018,DSI-165177-111863,Diversified Systems,OG-SDI-HDTV-SET-1,Paid,2,280,560
7/12/2018,DSI-165177-111863,Diversified Systems,OG-US-4000-SET-1,Paid,8,"1,750.00","14,000.00"
7/12/2018,DSI-165177-111863,Diversified Systems,PS-OG3,Paid,1,547.4,547.4
7/13/2018,102914-Y,Heartland Video,DA-SDI-HDTV-II,Paid,1,221.25,221.25
7/17/2018,1494727,AVI-SPL,DA-2HD,Paid,1,93.75,93.75
7/17/2018,1494727,AVI-SPL,DA-HDTV-SDI,Paid,1,525,525
7/17/2018,1494727,AVI-SPL,DA-SDI-HDTV-II,Paid,2,221.25,442.5
7/17/2018,1494727,AVI-SPL,DVI-1-SR,Paid,4,26.25,105
7/17/2018,1494727,AVI-SPL,HDMI-1X8-II,Paid,4,270,"1,080.00"
7/17/2018,1494727,AVI-SPL,LX-32HD,Paid,1,"15,050.00","15,050.00"
7/17/2018,1494727,AVI-SPL,Micro-4K-DP,Paid,1,"1,496.25","1,496.25"
7/17/2018,1494727,AVI-SPL,OG-US-3500-SET-1,Paid,5,"1,260.00","6,300.00"
7/17/2018,1494727,AVI-SPL,OG-US-4000-SET-1,Paid,3,"1,750.00","5,250.00"
7/17/2018,1494727,AVI-SPL,US-3500,Paid,1,"1,125.00","1,125.00"
7/19/2018,104220,"VTP/MTSU, USA",HDM2.0-UHD-UDC,Paid,3,221.25,663.75
7/20/2018,2523,Triton Technology Solutions,DA-2HD,Paid,1,93.75,93.75
7/23/2018,UL18-16333,Beck Associates,Crescent 4K,Paid,1,"1,725.00","1,725.00"
7/23/2018,UL18-16333,Beck Associates,RPS-LE4,Paid,1,110,110
7/23/2018,611507,Ford Audio-Video,HDM2.0-1x4,Paid,1,300,300
7/23/2018,9675,RIA Corporation,DA-HDTV-SDI,Paid,2,525,"1,050.00"
7/25/2018,26734,BZB Express,RJ45HDMIF,Paid,2,18.75,37.5
7/26/2018,DSI-165925-111619,Diversified Systems,OG3-FR-C-P,Paid,1,"1,225.00","1,225.00"
7/26/2018,DSI-165925-111619,Diversified Systems,OG-SDI-HDTV-SET-1,Paid,2,280,560
7/26/2018,DSI-165925-111619,Diversified Systems,OG-US-4000-SET-1,Paid,4,"1,750.00","7,000.00"
7/26/2018,DSI-165925-111619,Diversified Systems,PS-OG3,Paid,1,547.4,547.4
7/27/2018,138106,Avidex,EDID-EW-H,Paid,3,63.75,191.25
7/27/2018,DSI-166938-111808,Diversified Systems,US-3500,Paid,1,"1,125.00","1,125.00"
7/27/2018,611818,Ford Audio-Video,DA-SDI-HDTV-II,Paid,3,221.25,663.75
7/27/2018,103164-X,Heartland Video,Mi-16#,Paid,1,"3,375.00","3,375.00"
7/30/2018,103044-X,Heartland Video,LE-16HD,Paid,1,"5,997.00","5,997.00"
7/31/2018,242-76,CBT Systems,OG-US-3500-SET-1,Paid,3,"1,440.00","4,320.00"
8/1/2018,138298,Avidex,HDM2.0-1x2-II,Paid,2,187.5,375
8/1/2018,104246,"VTP/MTSU, USA",DVI-XX-SC-TX,Paid,12,356.25,"4,275.00"
8/3/2018,DSI-167155-SO8969,Diversified Systems,US-3500,Paid,1,"1,125.00","1,125.00"
8/6/2018,PPO-00898,Fuse Technical Group LLC,OG-Mi-9+-SET-1,Paid,1,976.5,976.5
8/9/2018,1494727,AVI-SPL,HDMI-1x4,Paid,1,225,225
8/9/2018,103069-X,Heartland Video,OG-DA-8HD-II-SET-1,Paid,3,346.5,"1,039.50"
8/9/2018,103069-X,Heartland Video,OGX-FR-C-P,Paid,1,"1,420.02","1,420.02"
8/9/2018,103069-X,Heartland Video,PS-OGX,Paid,1,645.82,645.82
8/13/2018,42326AMJW,Omega,DA-8HD,Paid,1,262.5,262.5
8/13/2018,42327MFJW,Omega,DA-HDTV-SDI,Paid,2,525,"1,050.00"
8/14/2018,138656,Avidex,DA-HDTV-SDI,Paid,6,525,"3,150.00"
8/14/2018,16032,Colorado Studios,DA-2HD,Paid,2,81.25,162.5
8/14/2018,103440-X,Heartland Video,HDMI-1-R,Paid,2,82.5,165
8/14/2018,104248,"VTP/MTSU, USA",DVI-XX-SC-TX,Paid,12,356.25,"4,275.00"
8/15/2018,1507667,AVI-SPL,HDM2.0-1x2,Paid,1,150,150
8/15/2018,KHOU18-16428,Beck Associates,DA-HDTV-SDI,Paid,6,525,"3,150.00"
8/15/2018,KHOU18-16428,Beck Associates,OG-DA-HDTV-SDI-II-SET-1,Paid,2,623,"1,246.00"
8/15/2018,103274-X,Heartland Video,Mi-9+,Paid,1,"1,316.25","1,316.25"
8/15/2018,103274-X,Heartland Video,MX-32,Paid,1,"9,000.00","9,000.00"
8/15/2018,103432-X,Heartland Video,DA-SDI-HDTV-II,Paid,1,221.25,221.25
8/20/2018,612902,Ford Audio-Video,HDMI-1x2-II,Paid,1,105,105
8/22/2018,17764,ABS-USA,CC-License-Mi-16,Paid,1,375,375
8/22/2018,17764,ABS-USA,Mi-16#,Paid,1,"3,150.00","3,150.00"
8/22/2018,104338,"VTP/MTSU, USA",DVI-XX-SC-RX,Paid,6,356.25,"2,137.50"
8/22/2018,104338,"VTP/MTSU, USA",DVI-XX-SC-TX,Paid,2,356.25,712.5
8/24/2018,103615-Y,Heartland Video,DA-SDI-HDTV-II,Paid,1,221.25,221.25
8/24/2018,CM014864,Matrix,DA-HDTV-SDI,Paid,1,525,525
8/27/2018,DEN-PO-668,Digitiqe Denver,HDMI-PHR,Paid,9,52,468
11/8/2018,DEN-PO-668,Sound Image,HDMI-PHR,Paid,-9,52,-468
11/8/2018,DEN-PO-668,Sound Image,HDMI-PHR,Paid,-9,52,-468
8/27/2018,DEN-PO-668,Digitiqe Denver,W-3x3,Paid,1,"3,200.00","3,200.00"
8/28/2018,1443057,Charter,Accessories:DC 5V 1.5A - US,Unpaid,8,25,200
8/28/2018,1443057,Charter,DE-16,Unpaid,2,"15,998.00","31,996.00"
8/28/2018,1443057,Charter,HDMI-1-R,Unpaid,8,600,"4,800.00"
8/28/2018,1443057,Charter,HDMI-ADPT,Unpaid,16,40,640
8/28/2018,DSI-167076-111619,Diversified Systems,OG-US-4000-RM,Unpaid,1,210,210
8/29/2018,638593,AVI Systems,DA-HDTV-SDI,Paid,10,525,"5,250.00"
8/29/2018,612814,Ford Audio-Video,T#-48x4-4RU-H,Paid,1,"37,050.00","37,050.00"
8/31/2018,KW180830037,B&H Photo - Video,OG-US-3500-SET-1,Unpaid,3,"1,350.00","4,050.00"
8/31/2018,DSI-169966-111619,Diversified Systems,OG-US-3500-SET-1,Unpaid,1,"1,260.00","1,260.00"
8/31/2018,103721-X,Heartland Video,DA-HDTV-SDI,Paid,2,525,"1,050.00"
8/31/2018,36163,PRECO,DA-HDTV-SDI,Paid,2,525,"1,050.00"
8/31/2018,2538,Triton Technology Solutions,DA-HDTV-SDI,Paid,2,525,"1,050.00"
10/19/2018,2538,Triton Technology Solutions,DA-HDTV-SDI,Paid,-2,525,"-1,050.00"
9/5/2018,1016072,CCS Presentation Systems,DA-HDTV-SDI,Paid,3,525,"1,575.00"
9/5/2018,DSI-170007-112295,Diversified Systems,HDM2.0-1x2-II,Paid,5,187.5,937.5
9/5/2018,103673-X,Heartland Video,DA-2HDX16-1RU,Paid,1,"1,500.00","1,500.00"
9/5/2018,103829-X,Heartland Video,DA-2HD,Paid,5,93.75,468.75
9/7/2018,DSI-167076-111619,Diversified Systems,OG-US-4000-RM,Unpaid,1,210,210
9/7/2018,36164,PRECO,MiniDE-II,Paid,1,"1,987.50","1,987.50"
9/10/2018,104302,Filmtools/VTP,DVI-XX-SC-TX,Paid,8,356.25,"2,850.00"
9/10/2018,2467,"GVision-USA, Inc.",DE-8,Paid,1,"5,098.80","5,098.80"
9/10/2018,OIC180415,OIC - USA,OIC-M802,Paid,1,"5,099.00","5,099.00"
9/11/2018,DSI-166695-112090,Diversified Systems,OG-SDI-HDTV-SET-1,Paid,2,280,560
9/11/2018,DSI-166695-112090,Diversified Systems,OG-US-4000-SET-1,Paid,8,"1,750.00","14,000.00"
9/11/2018,DSI-166695-112090,Diversified Systems,OGX-FR-C-P,Paid,1,"1,420.02","1,420.02"
9/11/2018,DSI-166695-112090,Diversified Systems,PS-OGX,Paid,1,645.82,645.82
9/11/2018,DSI-166695-112090,Diversified Systems,US-3500,Paid,1,"1,125.00","1,125.00"
11/1/2018,DSI-166695-112090,Diversified Systems,US-3500,Paid,-1,"1,125.00","-1,125.00"
9/11/2018,2473,"GVision-USA, Inc.",HDMI-1-R,Paid,1,82.5,82.5
9/11/2018,285897,VMI Video,HDBT-1-R,Paid,6,187.5,"1,125.00"
9/11/2018,285897,VMI Video,HDBT-1x8,Paid,1,"1,900.00","1,900.00"
9/12/2018,DSI-166711-112144,Diversified Systems,OG-SDI-HDTV-SET-1,Unpaid,6,280,"1,680.00"
9/12/2018,DSI-166711-112144,Diversified Systems,OG-US-3500-SET-1,Unpaid,1,"1,260.00","1,260.00"
9/12/2018,DSI-166711-112144,Diversified Systems,OG-US-4000-SET-1,Unpaid,8,"1,750.00","14,000.00"
9/12/2018,DSI-166711-112144,Diversified Systems,OGX-FR-C-P,Unpaid,2,"1,420.02","2,840.04"
9/12/2018,DSI-166711-112144,Diversified Systems,PS-OGX,Unpaid,2,645.82,"1,291.64"
9/12/2018,DSI-167177-112255,Diversified Systems,OG-US-4000-SET-1,Unpaid,4,"1,750.00","7,000.00"
9/12/2018,DSI-167177-112255,Diversified Systems,OG-US-4000-SET-1,Unpaid,4,"1,750.00","7,000.00"
9/12/2018,DSI-167177-112255,Diversified Systems,OGX-FR-C-P,Unpaid,1,"1,420.02","1,420.02"
9/12/2018,DSI-167177-112255,Diversified Systems,OGX-FR-C-P,Unpaid,1,"1,420.02","1,420.02"
9/12/2018,DSI-167177-112255,Diversified Systems,PS-OGX,Unpaid,1,645.82,645.82
9/12/2018,DSI-167177-112255,Diversified Systems,PS-OGX,Unpaid,1,645.82,645.82
9/13/2018,8024380,Filmtools/VTP,Mi-16#,Paid,1,"3,375.00","3,375.00"
9/13/2018,8024380,Filmtools/VTP,RPS-12VDC40W,Paid,1,78,78
9/13/2018,104004-X,Heartland Video,Mi-16,Paid,1,"1,687.50","1,687.50"
9/13/2018,104004-X,Heartland Video,RPS-12VDC40W,Paid,1,78,78
9/14/2018,641352,AVI Systems,HDMI-1x2-II,Paid,1,105,105
9/14/2018,688201,Tower,OG-SDI-HDTV-SET-1,Paid,2,280,560
9/17/2018,DSI-170421-111779,Diversified Systems,OG-MicroQ-SET-1,Paid,1,896.25,896.25
9/18/2018,404028-125,Intent Digital,DA-HDTV-SDI,Paid,1,525,525
9/18/2018,4706,Peak Media,OG-DA-HDTV-SDI-II-SET-2,Paid,5,"1,176.00","5,880.00"
9/18/2018,4706,Peak Media,OG-SDI-HDTV-SET-1,Paid,26,280,"7,280.00"
11/8/2018,4706,Peak Media,OG-SDI-HDTV-SET-1,Paid,-26,280,"-7,280.00"
9/19/2018,104089-X,Heartland Video,MicroQ-1U-FR,Paid,1,60,60
9/19/2018,104089-X,Heartland Video,MicroQ-S,Paid,1,746.25,746.25
9/20/2018,104139-X,Heartland Video,Mi-16,Paid,2,"1,687.50","3,375.00"
9/20/2018,104139-X,Heartland Video,RPS-12VDC40W,Paid,2,78,156
9/21/2018,CM015169,Matrix,HDMI-1x2-II,Paid,2,105,210
9/21/2018,285937,VMI Video,EDID-EW-H,Paid,1,63.75,63.75
9/24/2018,9764,RIA Corporation,OG-SDI-HDTV-SET-1,Paid,5,280,"1,400.00"
9/25/2018,5508,Gearhouse Broadcast,EVS-Set-1,Paid,4,525,"2,100.00"
9/25/2018,5508,Gearhouse Broadcast,EVS-SET-1-II,Paid,1,675,675
9/26/2018,OIC180418,OIC - USA,OIC-M802,Paid,1,"5,099.00","5,099.00"
9/27/2018,27361,BZB Express,EDID-EW-H,Paid,1,63.75,63.75
9/27/2018,DSI-171755-50010,Diversified Systems,KVM-SET-10,Paid,1,375,375
9/27/2018,104227-X,Heartland Video,Mi-16,Paid,2,"1,687.50","3,375.00"
9/28/2018,DSI-171710-112090,Diversified Systems,MFC-OG3-N,Paid,1,739.9,739.9
9/28/2018,104154-X,Heartland Video,MicroQ-S,Paid,3,746.25,"2,238.75"
10/1/2018,27386,BZB Express,EDID-EW-H,Paid,1,63.75,63.75
10/2/2018,KHOU18-16589,Beck Associates,Mi-9-1U-FR,Paid,1,60,60
10/2/2018,KHOU18-16589,Beck Associates,MiniDE-II,Paid,2,"1,987.50","3,975.00"
10/2/2018,DSI-172200-111619,Diversified Systems,VD-Conv,Paid,1,195,195
10/5/2018,104361-X,Heartland Video,Mi-16,Paid,5,"1,687.50","8,437.50"
10/8/2018,17921,ABS-USA,DA-SDI-DE,Paid,3,637.5,"1,912.50"
10/8/2018,17921,ABS-USA,DB25-AES-UNBL,Paid,3,63.75,191.25
10/8/2018,8025337,Filmtools/VTP,DVI-XX-SC-RX,Paid,2,356.25,712.5
10/8/2018,8025337,Filmtools/VTP,DVI-XX-SC-TX,Paid,2,356.25,712.5
10/9/2018,139756,Avidex,HDM2.0-1x2-II,Paid,1,187.5,187.5
10/9/2018,139756,Avidex,OG-DA-HDTV-SDI-II-SET-1,Paid,9,623,"5,607.00"
10/9/2018,139957,Avidex,OGX-FR-CN-P,Paid,1,"1,962.92","1,962.92"
10/9/2018,140385,Avidex,EDID-EW-H,Paid,10,63.75,637.5
10/9/2018,APA100818-1,Streamline Solutions,DP-1x4,Paid,2,748,"1,496.00"
10/10/2018,1523642,AVI-SPL,HDM-DP-UHD,Paid,2,300,600
10/11/2018,140444,Avidex,EDID-EW-H,Paid,5,63.75,318.75
10/12/2018,27489,BZB Express,HDMI-SR,Paid,4,26.25,105
10/12/2018,27489,BZB Express,SCSI-DB9,Paid,2,40,80
10/12/2018,8025769,Filmtools/VTP,DVI-XX-SC-RX,Paid,4,356.25,"1,425.00"
10/12/2018,8025769,Filmtools/VTP,DVI-XX-SC-TX,Paid,4,356.25,"1,425.00"
10/15/2018,286007,VMI Video,HDMI-1X4-II,Paid,1,195,195
10/16/2018,104433-X,Heartland Video,Mi-16,Paid,1,"1,687.50","1,687.50"
10/19/2018,140444,Avidex,EDID-EW-H,Paid,15,63.75,956.25
10/19/2018,SQ-BG10171801,Lake Automation,DA-SDI-DE,Paid,1,722.5,722.5
10/19/2018,SQ-BG10171801,Lake Automation,DB25-AA-BL,Paid,1,212.5,212.5
10/22/2018,615813,Ford Audio-Video,HDMI-1x2-II,Paid,4,105,420
10/23/2018,27576,BZB Express,EDID-EW-H,Paid,1,63.75,63.75
10/23/2018,615907,Ford Audio-Video,HDMI-1x2-II,Paid,4,105,420
10/23/2018,104663-X,Heartland Video,DA-HDTV-SDI,Paid,2,525,"1,050.00"
10/24/2018,140888,Avidex,EDID-EW-H,Paid,2,63.75,127.5
10/24/2018,104589-X,Heartland Video,DA-2HD,Paid,2,93.75,187.5
10/25/2018,615995,Ford Audio-Video,HDMI-1x2-II,Paid,1,105,105
10/25/2018,104551-X,Heartland Video,Mi-16,Paid,1,"1,687.50","1,687.50"
11/1/2018,CM015169,Matrix,HDMI-1x2-II,Paid,1,105,105
11/2/2018,141021,Avidex,Accessories:DC-48V-0.83A,Paid,1,50,50
11/2/2018,212213,Ford Audio-Video,HDMI-1x2-II-TS,Paid,4,105,420
12/14/2018,212213,Ford Audio-Video,HDMI-1x2-II-TS,Paid,-3,105,-315
11/2/2018,120535,SPINITAR,EDID-EW-H,Paid,50,63.75,"3,187.50"
11/5/2018,PO1575888,Charter,DE-16,Unpaid,2,"14,398.20","28,796.40"
11/5/2018,PO1575888,Charter,HDMI-1-R,Unpaid,2,99,198
11/5/2018,PO1575888,Charter,HDMI-ADPT,Unpaid,32,36,"1,152.00"
11/5/2018,212213,Ford Audio-Video,HDMI-1x2-II-TS,Paid,0,105,0
11/6/2018,616449,Ford Audio-Video,HDMI-1x2-II-TS,Paid,1,105,105
11/6/2018,104734-X,Heartland Video,HDMI-1-R,Paid,1,82.5,82.5
11/6/2018,104734-X,Heartland Video,LX-12HD,Paid,1,"5,775.00","5,775.00"
11/6/2018,2560,Triton Technology Solutions,US-3500,Paid,1,"1,125.00","1,125.00"
11/7/2018,17969,ABS-USA,HDBT-SET-3,Paid,1,300,300
11/7/2018,71281,Sound Image,DA-HDTV-SDI,Paid,1,525,525
11/8/2018,104851-X,Heartland Video,DA-HDTV-SDI,Paid,3,525,"1,575.00"
11/12/2018,27728,BZB Express,HDMI-SET-2,Paid,1,157.5,157.5
11/12/2018,616851,Ford Audio-Video,HDMI-1x2-II,Paid,1,105,105
11/12/2018,CM015632,Matrix,HDMI-1x2-II,Paid,4,105,420
11/13/2018,141353,Avidex,HDBT-1-RAP,Paid,1,225,225
11/13/2018,27777,BZB Express,EDID-EW-H,Paid,2,63.75,127.5
11/13/2018,616925,Ford Audio-Video,HDMI-1x2-II,Paid,1,105,105
11/14/2018,PO1556918,Charter,DE-16,Unpaid,2,"14,398.20","28,796.40"
11/14/2018,PO1556918,Charter,HDMI-1-R,Unpaid,2,99,198
11/14/2018,PO1556918,Charter,HDMI-ADPT,Unpaid,32,36,"1,152.00"
11/16/2018,27846,BZB Express,HDBT-SET-1,Paid,1,375,375
11/19/2018,27867,BZB Express,DA-4HD,Paid,4,187.5,750
11/19/2018,27867,BZB Express,SDI-CVBS-S,Paid,1,315,315
11/19/2018,4790,Peak Media,OG-DA-HDTV-SDI-II-SET-2,Paid,1,"1,176.00","1,176.00"
11/21/2018,AAAO3069-03A,Bock Technologies Inc.,DA-HDTV-SDI,Paid,1,560,560
11/21/2018,AAAO3069-03A,Bock Technologies Inc.,OG-DA-HDTV-SDI-II-SET-1,Paid,3,667.5,"2,002.50"
11/21/2018,105122-X,Heartland Video,DA-2HD,Paid,4,93.75,375
11/21/2018,105122-X,Heartland Video,DA-4HD,Paid,2,187.5,375
11/23/2018,SQ-BG11291801,Lake Automation,DA-SDI-DE,Paid,2,722.5,"1,445.00"
11/23/2018,SQ-BG11291801,Lake Automation,DB25-AA-BL,Paid,3,212.5,637.5
11/27/2018,27847,BZB Express,HDBT-SET-2,Paid,1,450,450
11/27/2018,286314,VMI Video,DA-HDTV-SDI,Paid,1,525,525
11/28/2018,617513,Ford Audio-Video,HDMI-1x2-II-TS,Unpaid,2,105,210
11/28/2018,617514,Ford Audio-Video,HDMI-1x2-II-TS,Paid,1,105,105
11/29/2018,10681,BKW,HDMI-1x2-II,Paid,1,105,105
11/29/2018,105088-X,Heartland Video,LE-16HD,Paid,1,"6,996.50","6,996.50"
11/30/2018,105231-X,Heartland Video,Mi-16,Paid,1,"1,687.50","1,687.50"
11/30/2018,105231-X,Heartland Video,RPS-12VDC40W,Paid,1,78,78
11/30/2018,CM015169,Matrix,HDMI-1x2-II,Unpaid,-1,105,-105
12/3/2018,141754,Avidex,HDM2.0-1x2-II-TS,Unpaid,1,187.5,187.5
12/3/2018,141754,Avidex,OG-DA-HDTV-SDI-II-SET-1,Unpaid,1,623,623
12/3/2018,CLE18-16859,Beck Associates,DA-SDI-HDTV-II,Unpaid,2,221.25,442.5
12/3/2018,CLE18-16859,Beck Associates,W-3x3,Unpaid,2,"3,000.00","6,000.00"
12/3/2018,8028702,Filmtools/VTP,DA-SDI-DE,Unpaid,1,637.5,637.5
12/3/2018,8028702,Filmtools/VTP,DB25-AES-UNBL,Unpaid,1,63.75,63.75
12/7/2018,CAPO162704,Electrosonic,DP-1x4,Unpaid,1,880,880
12/7/2018,IMTO18273,"Integrated Media Technologies, Inc.",DA-HDTV-SDI,Paid,8,596.6,"4,772.80"
12/10/2018,105370-X,Heartland Video,DA-HDTV-SDI,Unpaid,2,525,"1,050.00"
12/13/2018,8029269,Filmtools/VTP,DB25-AA-UNBL,Unpaid,1,93.75,93.75
12/14/2018,105350-X,Heartland Video,Hardware Upgrade,Unpaid,1,"1,715.00","1,715.00"
12/18/2018,142355,Avidex,EDID-EW-H,Unpaid,2,63.75,127.5
12/18/2018,142362,Avidex,EDID-EW-H,Unpaid,24,63.75,"1,530.00"
12/20/2018,PO18APAN01,High Resolution Engineering,DP-1x2-II,Paid,4,360,"1,440.00"
12/21/2018,105582-Y,Heartland Video,HDMI-1-E,Unpaid,2,75,150
12/21/2018,105582-Y,Heartland Video,HDMI-1-R,Unpaid,2,82.5,165
12/26/2018,142615,Avidex,RJ45DVIF,Unpaid,4,18.75,75
